timestamp,pub_date,source,title,link,score_finnlp,channel_finnlp,score_finbert,channel_finbert,score_gemini,channel_gemini,fof_strategy,fof_keywords
2026-07-21 10:00:00,2026-07-21 09:00:00,微信公众号,测试文章1: 量化投资前景分析,https://example.com/1,0.8,finance_zh,0.7,finbert-base-zh,0.6,Gemini-API,"STYLE_FACTOR,BETA_TIMING","量化,风格切换"
2026-07-21 10:30:00,2026-07-21 09:30:00,东方财富-策略,测试文章2: 市场情绪观察,https://example.com/2,-0.3,finance_zh,-0.2,finbert-base-zh,-0.1,Gemini-API,"HEDGE_COST,HFT_REGULATION","基差,对冲成本"
2026-07-21 10:27:04,1770884489,微信公众号,华尔街新交易逻辑：先卖了再说！,https://mp.weixin.qq.com/s/InwkFamoWGDGtc6ns2Z4pA,0.0,Lexicon-Neutral,0.0,Model-Unavailable,0.0,Claude-DeepSeek,,
2026-07-21 10:27:04,1770884096,微信公众号,先卖了再说！,https://mp.weixin.qq.com/s/pERQ8uoQ_j3dYpewHenSiw,0.0,Lexicon-Neutral,0.0,Model-Unavailable,0.0,Claude-DeepSeek,,
2026-07-21 10:27:04,1770879600,微信公众号,谁在主导这场公募FOF的千亿狂欢？,https://mp.weixin.qq.com/s/MqwJKpdHNKYuABr4iT9sWw,0.0,Lexicon-Neutral,0.0,Model-Unavailable,0.0,Claude-DeepSeek,,
2026-07-21 10:27:04,1770879600,微信公众号,2026年企业年金核心解析：优选南方基金，筑牢企业养老与人才竞争力,https://mp.weixin.qq.com/s/yN4N_nm9on5LSZWCBXqrGw,0.0,Lexicon-Neutral,0.0,Model-Unavailable,0.0,Claude-DeepSeek,,
2026-07-21 10:27:04,1770875422,微信公众号,牛市主线依然是：硬通货+硬科技+逆境反转。,https://mp.weixin.qq.com/s/geq3XjTJlV-2JIFFeHWVMA,0.0,Lexicon-Neutral,0.0,Model-Unavailable,0.0,Claude-DeepSeek,BETA_TIMING,牛市
2026-07-21 10:27:04,1770867000,微信公众号,追高亏30！,https://mp.weixin.qq.com/s/QWmcZh6WGuVflpaLbQKXdw,0.0,Lexicon-Neutral,0.0,Model-Unavailable,0.0333,Claude-DeepSeek,CTA_TREND,黄金
2026-07-21 10:27:04,1770865534,微信公众号,去年抄底的小众量化，赚了近90%！,https://mp.weixin.qq.com/s/tCW4UeiApgPXDti7so_cpw,0.0,Lexicon-Neutral,0.0,Model-Unavailable,0.0,Claude-DeepSeek,,
2026-07-21 10:27:04,1770851990,微信公众号,量到底了,https://mp.weixin.qq.com/s/gwr-OjNO66zMQZ5fU0cxgQ,0.0,Lexicon-Neutral,0.0,Model-Unavailable,0.0,Claude-DeepSeek,,
2026-07-21 10:27:04,1770851843,微信公众号,21:30，礼貌下跌，真正的赌局在明天,https://mp.weixin.qq.com/s/XHay-pqDwPabELTkOBU43g,0.0,Lexicon-Neutral,0.0,Model-Unavailable,-0.5,Claude-DeepSeek,,
2026-07-21 10:27:04,1770819674,微信公众号,今年蹲这几个坑,https://mp.weixin.qq.com/s/OGgP-HQZxNdX0-mmblCNjw,0.0,Lexicon-Neutral,0.0,Model-Unavailable,0.0,Claude-DeepSeek,,
2026-07-21 10:27:04,1770793269,微信公众号,两位大佬出手，买入这家公司！,https://mp.weixin.qq.com/s/BoQS62H7YnHAy6WL7VkCOQ,1.0,FinNLP-Lexicon-ZH,0.0,Model-Unavailable,0.1667,Claude-DeepSeek,,
2026-07-21 10:27:04,1770787153,微信公众号,数据出来了！我们一起检验下这波宏观管理人的表现！,https://mp.weixin.qq.com/s/rGCALHpSo1lehuNQ0qxPcQ,-1.0,FinNLP-Lexicon-ZH,0.0,Model-Unavailable,0.0,Claude-DeepSeek,,
2026-07-21 10:27:04,1770785592,微信公众号,化工的饕餮盛宴，才刚刚开始,https://mp.weixin.qq.com/s/G3TPIYcoVu42wuIlbzM0KA,1.0,FinNLP-Lexicon-ZH,0.0,Model-Unavailable,0.1667,Claude-DeepSeek,,
2026-07-21 10:27:04,1770780082,微信公众号,股票量化周度业绩回顾 2026-02-06,https://mp.weixin.qq.com/s/sgusEqO6wOv8DaFTByHV0g,0.0,Lexicon-Neutral,0.0,Model-Unavailable,0.0,Claude-DeepSeek,,
2026-07-21 10:27:04,1770778800,微信公众号,2025年最赚钱的量化，开年又爆了！,https://mp.weixin.qq.com/s/xCJkCS3_D4UNuwOXPHhD1Q,0.0,Lexicon-Neutral,0.0,Model-Unavailable,0.0,Claude-DeepSeek,,
2026-07-21 10:27:04,1770765008,微信公众号,出现了地量,https://mp.weixin.qq.com/s/BSxDMbwnBSZ3vj6rc21JKw,0.0,Lexicon-Neutral,0.0,Model-Unavailable,0.0,Claude-DeepSeek,HFT_REGULATION,地量
2026-07-21 10:27:04,1770764021,微信公众号,22:00过后，世界突然陷入沉默,https://mp.weixin.qq.com/s/x28i4usa4nTBh0BqueiNcw,0.0,Lexicon-Neutral,0.0,Model-Unavailable,0.0,Claude-DeepSeek,,
2026-07-21 10:27:04,1770729582,微信公众号,读读央行两篇专栏,https://mp.weixin.qq.com/s/_p-UQ9wctKB3B8qsqveu0w,0.0,Lexicon-Neutral,0.0,Model-Unavailable,0.0,Claude-DeepSeek,BETA_TIMING,央行
2026-07-21 10:27:04,"Mon, 20 Jul 2026 16:00:00 GMT",东方财富-行业,[大同证券]煤炭行业周报：三伏天开启，动力煤价全面反弹,https://pdf.dfcfw.com/pdf/H3_AP202607211827196901_1.pdf?1784628581000.pdf,1.0,FinNLP-Lexicon-ZH,0.0,Model-Unavailable,0.4222,Claude-DeepSeek,BETA_TIMING,"政策,规划"
2026-07-21 10:27:04,"Mon, 20 Jul 2026 16:00:00 GMT",东方财富-行业,[华鑫证券]半导体行业周报：ASML上调2026营收指引，芯原股份AI订单占比超90%,https://pdf.dfcfw.com/pdf/H3_AP202607211827187424_1.pdf?1784626273000.pdf,1.0,FinNLP-Lexicon-ZH,0.0,Model-Unavailable,0.2333,Claude-DeepSeek,,
2026-07-21 10:27:04,"Mon, 20 Jul 2026 16:00:00 GMT",东方财富-行业,[华鑫证券]AI算力行业周报：华为昇腾950超节点真机亮相WAIC，曙光8000全国产十万卡AI超集群真机首秀,https://pdf.dfcfw.com/pdf/H3_AP202607211827186889_1.pdf?1784626364000.pdf,0.0,Lexicon-Neutral,0.0,Model-Unavailable,0.3667,Claude-DeepSeek,HFT_REGULATION,万亿
2026-07-21 10:27:04,"Mon, 20 Jul 2026 16:00:00 GMT",东方财富-行业,[国信证券]医药生物行业2026年7月投资策略：继续推荐关注创新药及创新产业链,https://pdf.dfcfw.com/pdf/H3_AP202607211827181465_1.pdf?1784624128000.pdf,0.0,Lexicon-Neutral,0.0,Model-Unavailable,0.0333,Claude-DeepSeek,,
2026-07-21 10:27:04,"Mon, 20 Jul 2026 16:00:00 GMT",东方财富-行业,[山西证券]煤炭行业周报：业绩预告Q2盈利改善明显，动力煤止跌探涨,https://pdf.dfcfw.com/pdf/H3_AP202607211827180989_1.pdf?1784622821000.pdf,0.0,Lexicon-Neutral,0.0,Model-Unavailable,0.0333,Claude-DeepSeek,CTA_TREND,库存
2026-07-21 10:27:04,"Mon, 20 Jul 2026 16:00:00 GMT",东方财富-行业,[太平洋]银行：众邦银行接管落地，银行板块尾部风险有望边际缓解,https://pdf.dfcfw.com/pdf/H3_AP202607211827180777_1.pdf?1784621975000.pdf,1.0,FinNLP-Lexicon-ZH,0.0,Model-Unavailable,0.2,Claude-DeepSeek,BETA_TIMING,MLF
2026-07-21 10:27:04,"Mon, 20 Jul 2026 16:00:00 GMT",东方财富-行业,[东海证券]电子行业周报：WAIC 2026国产新品密集亮相，台积电大幅上调全年资本开支,https://pdf.dfcfw.com/pdf/H3_AP202607211827180706_1.pdf?1784621418000.pdf,0.0,Lexicon-Neutral,0.0,Model-Unavailable,0.0333,Claude-DeepSeek,,
2026-07-21 10:27:04,"Mon, 20 Jul 2026 16:00:00 GMT",东方财富-行业,[国元证券]半导体与半导体生产设备行业周报：26年5月全球半导体销售额同比翻倍，苹果AI在华应用加速落地,https://pdf.dfcfw.com/pdf/H3_AP202607211827180566_1.pdf?1784621716000.pdf,1.0,FinNLP-Lexicon-ZH,0.0,Model-Unavailable,0.0667,Claude-DeepSeek,,
2026-07-21 10:27:04,"Mon, 20 Jul 2026 16:00:00 GMT",东方财富-行业,[华鑫证券]基础化工行业周报：（磷酸）五氧化二磷85%、丁二烯等涨幅居前，建议关注进口替代、纯内需、高股息等方向,https://pdf.dfcfw.com/pdf/H3_AP202607211827179978_1.pdf?1784622821000.pdf,0.0,Lexicon-Neutral,0.0,Model-Unavailable,0.0667,Claude-DeepSeek,STYLE_FACTOR,沪深300
2026-07-21 10:27:04,"Mon, 20 Jul 2026 16:00:00 GMT",东方财富-行业,[信达证券]轻工制造：全球杯壶龙头复盘，聚焦核心客群、精准持续营销，加速品牌破圈,https://pdf.dfcfw.com/pdf/H3_AP202607211827179099_1.pdf?1784618549000.pdf,0.0,Lexicon-Neutral,0.0,Model-Unavailable,0.3667,Claude-DeepSeek,,
2026-07-21 10:27:04,"Mon, 20 Jul 2026 16:00:00 GMT",东方财富-行业,[华源证券]汽车行业周报：乘用车26Q2预告总结：业绩分化，原材料价格上涨、汇兑损失影响盈利,https://pdf.dfcfw.com/pdf/H3_AP202607201827162504_1.pdf?1784615835000.pdf,1.0,FinNLP-Lexicon-ZH,0.0,Model-Unavailable,0.5333,Claude-DeepSeek,CTA_TREND,"地缘,地缘冲突,中东"
2026-07-21 10:27:04,"Sun, 19 Jul 2026 16:00:00 GMT",东方财富-行业,[爱建证券]食品饮料行业跟踪报告：茅台年内二次提价，市场化定价成为常态,https://pdf.dfcfw.com/pdf/H3_AP202607201827160299_1.pdf?1784584893000.pdf,0.0,Lexicon-Neutral,0.0,Model-Unavailable,0.0667,Claude-DeepSeek,,
2026-07-21 10:27:04,"Sun, 19 Jul 2026 16:00:00 GMT",东方财富-行业,[爱建证券]电子行业周报：HPC成增长核心引擎，台积电上调资本开支拓宽长期成长空间,https://pdf.dfcfw.com/pdf/H3_AP202607201827160294_1.pdf?1784584794000.pdf,0.0,FinNLP-Lexicon-ZH,0.0,Model-Unavailable,0.1,Claude-DeepSeek,,
2026-07-21 10:27:04,"Sun, 19 Jul 2026 16:00:00 GMT",东方财富-行业,[爱建证券]医药行业跟踪报告：全球医疗健康投融资回暖，CXO景气度持续上行,https://pdf.dfcfw.com/pdf/H3_AP202607201827160255_1.pdf?1784584733000.pdf,1.0,FinNLP-Lexicon-ZH,0.0,Model-Unavailable,0.1,Claude-DeepSeek,BETA_TIMING,大涨
2026-07-21 10:27:04,"Sun, 19 Jul 2026 16:00:00 GMT",东方财富-行业,[爱建证券]光通信设备行业点评：高速光模块渗透提速，测试设备需求加速释放,https://pdf.dfcfw.com/pdf/H3_AP202607201827160241_1.pdf?1784584794000.pdf,1.0,FinNLP-Lexicon-ZH,0.0,Model-Unavailable,0.2333,Claude-DeepSeek,,
2026-07-21 10:27:04,"Sun, 19 Jul 2026 16:00:00 GMT",东方财富-行业,[太平洋]非银行金融行业点评报告：交易机制优化叠加创业板做市商制度扩容，打开券商增量空间,https://pdf.dfcfw.com/pdf/H3_AP202607201827159972_1.pdf?1784584414000.pdf,-1.0,FinNLP-Lexicon-ZH,0.0,Model-Unavailable,0.0333,Claude-DeepSeek,HFT_REGULATION,"交易规则,证监会"
2026-07-21 10:27:04,"Sun, 19 Jul 2026 16:00:00 GMT",东方财富-行业,[爱建证券]锂电行业跟踪：锂电池将征收消费税，碳酸锂价格下降,https://pdf.dfcfw.com/pdf/H3_AP202607201827158319_1.pdf?1784581840000.pdf,1.0,FinNLP-Lexicon-ZH,0.0,Model-Unavailable,0.0667,Claude-DeepSeek,,
2026-07-21 10:27:04,"Sun, 19 Jul 2026 16:00:00 GMT",东方财富-行业,[万联证券]电力设备行业跟踪报告：锂电消费税政策将分步调整，固态、钠电新技术享受免征优惠,https://pdf.dfcfw.com/pdf/H3_AP202607201827158162_1.pdf?1784581466000.pdf,0.0,Lexicon-Neutral,0.0,Model-Unavailable,-0.1,Claude-DeepSeek,"STYLE_FACTOR,BETA_TIMING","沪深300,政策"
2026-07-21 10:27:04,"Sun, 19 Jul 2026 16:00:00 GMT",东方财富-行业,[东吴证券]公用事业行业跟踪周报：2026年1-6月份全社会用电量同增5.3%，第四监管周期输配电价核定公开,https://pdf.dfcfw.com/pdf/H3_AP202607201827155897_1.pdf?1784577557000.pdf,1.0,FinNLP-Lexicon-ZH,0.0,Model-Unavailable,0.6083,Claude-DeepSeek,,
2026-07-21 10:27:04,"Sun, 19 Jul 2026 16:00:00 GMT",东方财富-行业,[头豹研究院]2026年中国新能源汽车连接器行业概览：智电技术变革赋能新能源汽车连接器量价齐升,https://pdf.dfcfw.com/pdf/H3_AP202607201827154799_1.pdf?1784577248000.pdf,0.0,Lexicon-Neutral,0.0,Model-Unavailable,-0.3,Claude-DeepSeek,,
2026-07-21 10:27:04,"Tue, 21 Jul 2026 09:00:00 GMT",华尔街见闻-日历,欧元区7月ZEW经济景气指数,,0.0,Lexicon-Neutral,0.0,Model-Unavailable,0.0,Claude-DeepSeek,,
2026-07-21 10:27:04,"Tue, 21 Jul 2026 09:00:00 GMT",华尔街见闻-日历,德国7月ZEW经济现况指数,https://wallstreetcn.com/data-analyse/DE152230/DE30.OTC,0.0,Lexicon-Neutral,0.0,Model-Unavailable,0.0,Claude-DeepSeek,,
2026-07-21 10:27:04,"Tue, 21 Jul 2026 09:00:00 GMT",华尔街见闻-日历,德国7月ZEW经济景气指数,https://wallstreetcn.com/data-analyse/DE152229/DE30.OTC,0.0,Lexicon-Neutral,0.0,Model-Unavailable,0.0,Claude-DeepSeek,,
2026-07-21 10:27:04,"Tue, 21 Jul 2026 08:00:00 GMT",华尔街见闻-日历,德国欧洲央行公布银行贷款调查报告。,,0.0,Lexicon-Neutral,0.0,Model-Unavailable,0.0,Claude-DeepSeek,BETA_TIMING,央行
2026-07-21 10:27:04,"Tue, 21 Jul 2026 06:00:00 GMT",华尔街见闻-日历,英国6月失业金申请人数变动(万人),https://wallstreetcn.com/data-analyse/UK121576/UK100.OTC,0.0,Lexicon-Neutral,0.0,Model-Unavailable,0.0,Claude-DeepSeek,,
2026-07-21 10:27:04,"Tue, 21 Jul 2026 06:00:00 GMT",华尔街见闻-日历,英国6月失业率,https://wallstreetcn.com/data-analyse/UK121563/UK100.OTC,0.0,Lexicon-Neutral,0.0,Model-Unavailable,0.0,Claude-DeepSeek,,
2026-07-21 10:27:04,"Tue, 21 Jul 2026 06:00:00 GMT",华尔街见闻-日历,英国5月三个月ILO就业人数变动(万人),https://wallstreetcn.com/data-analyse/UK121574/UK100.OTC,0.0,Lexicon-Neutral,0.0,Model-Unavailable,0.0,Claude-DeepSeek,,
2026-07-21 10:27:04,"Tue, 21 Jul 2026 06:00:00 GMT",华尔街见闻-日历,英国5月三个月ILO失业率,https://wallstreetcn.com/data-analyse/UK121573/UK100.OTC,0.0,Lexicon-Neutral,0.0,Model-Unavailable,0.0,Claude-DeepSeek,,
2026-07-21 10:27:04,"Tue, 21 Jul 2026 06:00:00 GMT",华尔街见闻-日历,英国5月三个月不包括红利的平均工资同比,https://wallstreetcn.com/data-analyse/UK121578/UK100.OTC,0.0,Lexicon-Neutral,0.0,Model-Unavailable,0.0,Claude-DeepSeek,STYLE_FACTOR,红利
2026-07-21 10:27:04,"Tue, 21 Jul 2026 06:00:00 GMT",华尔街见闻-日历,英国5月三个月包括红利的平均工资同比,https://wallstreetcn.com/data-analyse/UK121577/UK100.OTC,0.0,Lexicon-Neutral,0.0,Model-Unavailable,0.0,Claude-DeepSeek,STYLE_FACTOR,红利
2026-07-21 10:27:04,"Tue, 21 Jul 2026 06:00:00 GMT",华尔街见闻-日历,英国6月公共部门净借款(亿英镑),https://wallstreetcn.com/data-analyse/UK181665/UK100.OTC,0.0,Lexicon-Neutral,0.0,Model-Unavailable,0.0,Claude-DeepSeek,,
2026-07-21 10:27:04,"Tue, 21 Jul 2026 06:00:00 GMT",华尔街见闻-日历,英国6月政府收支短差(亿英镑),https://wallstreetcn.com/data-analyse/UK181664/UK100.OTC,0.0,Lexicon-Neutral,0.0,Model-Unavailable,0.0,Claude-DeepSeek,,
2026-07-21 10:27:04,"Tue, 21 Jul 2026 04:02:00 GMT",华尔街见闻-日历,英国LME持仓报告,,0.0,Lexicon-Neutral,0.0,Model-Unavailable,0.0,Claude-DeepSeek,,
2026-07-21 10:27:04,"Tue, 21 Jul 2026 04:02:00 GMT",华尔街见闻-日历,巴西巴西商贸部农产品、工业品出口报告,,0.0,Lexicon-Neutral,0.0,Model-Unavailable,0.0,Claude-DeepSeek,,
2026-07-21 10:27:04,"Tue, 21 Jul 2026 04:02:00 GMT",华尔街见闻-日历,巴西Conab巴西大豆、玉米报告,,0.0,Lexicon-Neutral,0.0,Model-Unavailable,0.0,Claude-DeepSeek,,
2026-07-21 10:27:04,"Tue, 21 Jul 2026 04:02:00 GMT",华尔街见闻-日历,中国国新办7月21日将举行“开局起步‘十五五’”系列主题新闻发布会,,0.0,Lexicon-Neutral,0.0,Model-Unavailable,0.0,Claude-DeepSeek,,
2026-07-21 10:27:04,"Tue, 21 Jul 2026 04:02:00 GMT",华尔街见闻-日历,中国2026中国汽车论坛于7月21日至23日举行,,0.0,Lexicon-Neutral,0.0,Model-Unavailable,0.0,Claude-DeepSeek,,
2026-07-21 10:27:04,"Tue, 21 Jul 2026 02:00:00 GMT",华尔街见闻-日历,中国国新办就加快建设交通强国、完善现代化综合交通运输体系有关情况举行发布会。,,0.0,Lexicon-Neutral,0.0,Model-Unavailable,0.0,Claude-DeepSeek,,
2026-07-21 10:27:04,"Tue, 21 Jul 2026 00:00:00 GMT",华尔街见闻-日历,韩国7月出口20天同比,,0.0,Lexicon-Neutral,0.0,Model-Unavailable,0.0,Claude-DeepSeek,,
2026-07-21 10:27:04,"Tue, 21 Jul 2026 00:00:00 GMT",华尔街见闻-日历,韩国7月进口20天同比,,0.0,Lexicon-Neutral,0.0,Model-Unavailable,0.0,Claude-DeepSeek,,
2026-07-21 10:27:04,"Mon, 10 Apr 2023 16:00:00 GMT",麦肯锡-宏观,中国仍是全球增长引擎及许多跨国公司战略优选,https://www.mckinsey.com.cn/%e9%ba%a6%e8%82%af%e9%94%a1%e5%85%ac%e5%8f%b8%ef%bc%9a%e4%b8%ad%e5%9b%bd%e4%bb%8d%e6%98%af%e5%85%a8%e7%90%83%e5%a2%9e%e9%95%bf%e5%bc%95%e6%93%8e%e5%8f%8a%e8%ae%b8%e5%a4%9a%e8%b7%a8%e5%9b%bd%e5%85%ac/,1.0,FinNLP-Lexicon-ZH,0.0,Model-Unavailable,-0.1667,Claude-DeepSeek,"BETA_TIMING,CTA_TREND","地缘,规划"
2026-07-21 10:27:04,"Thu, 30 Jun 2022 16:00:00 GMT",麦肯锡-宏观,回归25载，让香港重回“Day 1”,https://www.mckinsey.com.cn/%e5%9b%9e%e5%bd%9225%e8%bd%bd%ef%bc%8c%e8%ae%a9%e9%a6%99%e6%b8%af%e9%87%8d%e5%9b%9eday-1/,0.0,Lexicon-Neutral,0.0,Model-Unavailable,0.0,Claude-DeepSeek,"BETA_TIMING,CTA_TREND","地缘,黄金,放缓"
2026-07-21 10:27:04,"Mon, 24 Jan 2022 16:00:00 GMT",麦肯锡-宏观,建设新世纪的亚洲企业,https://www.mckinsey.com.cn/%e5%bb%ba%e8%ae%be%e6%96%b0%e4%b8%96%e7%ba%aa%e7%9a%84%e4%ba%9a%e6%b4%b2%e4%bc%81%e4%b8%9a/,0.0,Lexicon-Neutral,0.0,Model-Unavailable,-0.1667,Claude-DeepSeek,,
2026-07-21 10:27:04,"Tue, 23 Nov 2021 16:00:00 GMT",麦肯锡-宏观,洞悉全球资产负债表：我们的财富使用效率到底有多高？,https://www.mckinsey.com.cn/%e6%b4%9e%e6%82%89%e5%85%a8%e7%90%83%e8%b5%84%e4%ba%a7%e8%b4%9f%e5%80%ba%e8%a1%a8%ef%bc%9a%e6%88%91%e4%bb%ac%e7%9a%84%e8%b4%a2%e5%af%8c%e4%bd%bf%e7%94%a8%e6%95%88%e7%8e%87%e5%88%b0%e5%ba%95%e6%9c%89/,1.0,FinNLP-Lexicon-ZH,0.0,Model-Unavailable,-0.1667,Claude-DeepSeek,,
2026-07-21 10:27:04,"Wed, 10 Nov 2021 16:00:00 GMT",麦肯锡-宏观,五大新趋势将塑造中国的消费增长,https://www.mckinsey.com.cn/%e4%ba%94%e5%a4%a7%e6%96%b0%e8%b6%8b%e5%8a%bf%e5%b0%86%e5%a1%91%e9%80%a0%e4%b8%ad%e5%9b%bd%e7%9a%84%e6%b6%88%e8%b4%b9%e5%a2%9e%e9%95%bf/,1.0,FinNLP-Lexicon-ZH,0.0,Model-Unavailable,0.1667,Claude-DeepSeek,,
2026-07-21 10:27:04,"Mon, 22 Mar 2021 16:00:00 GMT",麦肯锡-宏观,迈向2060碳中和：城市在脱碳化进程上的作用,https://www.mckinsey.com.cn/%e8%bf%88%e5%90%912060%e7%a2%b3%e4%b8%ad%e5%92%8c%ef%bc%9a%e5%9f%8e%e5%b8%82%e5%9c%a8%e8%84%b1%e7%a2%b3%e5%8c%96%e8%bf%9b%e7%a8%8b%e4%b8%8a%e7%9a%84%e4%bd%9c%e7%94%a8/,0.0,Lexicon-Neutral,0.0,Model-Unavailable,0.0333,Claude-DeepSeek,,
2026-07-21 10:27:04,"Mon, 25 Jan 2021 16:00:00 GMT",麦肯锡-宏观,2021：定义未来的13个趋势,https://www.mckinsey.com.cn/2021%ef%bc%9a%e5%ae%9a%e4%b9%89%e6%9c%aa%e6%9d%a5%e7%9a%8413%e4%b8%aa%e8%b6%8b%e5%8a%bf/,1.0,FinNLP-Lexicon-ZH,0.0,Model-Unavailable,0.1667,Claude-DeepSeek,,
2026-07-21 10:27:04,"Fri, 15 Jan 2021 16:00:00 GMT",麦肯锡-宏观,防范债务危机：2021困境资产如何解困突围,https://www.mckinsey.com.cn/%e9%98%b2%e8%8c%83%e5%80%ba%e5%8a%a1%e5%8d%b1%e6%9c%ba%ef%bc%9a2021%e5%9b%b0%e5%a2%83%e8%b5%84%e4%ba%a7%e5%a6%82%e4%bd%95%e8%a7%a3%e5%9b%b0%e7%aa%81%e5%9b%b4/,0.3333,FinNLP-Lexicon-ZH,0.0,Model-Unavailable,-0.25,Claude-DeepSeek,BETA_TIMING,政策
2026-07-21 10:27:04,"Tue, 11 Aug 2020 16:00:00 GMT",麦肯锡-宏观,艰难复苏路：疫情下的亚裔美国人,https://www.mckinsey.com.cn/%e8%89%b0%e9%9a%be%e5%a4%8d%e8%8b%8f%e8%b7%af%ef%bc%9a%e7%96%ab%e6%83%85%e4%b8%8b%e7%9a%84%e4%ba%9a%e8%a3%94%e7%be%8e%e5%9b%bd%e4%ba%ba/,1.0,FinNLP-Lexicon-ZH,0.0,Model-Unavailable,0.2,Claude-DeepSeek,,
2026-07-21 10:27:04,"Wed, 08 Jul 2020 16:00:00 GMT",麦肯锡-宏观,技术如何助力亚洲护生命、保生计,https://www.mckinsey.com.cn/%e6%8a%80%e6%9c%af%e5%a6%82%e4%bd%95%e5%8a%a9%e5%8a%9b%e4%ba%9a%e6%b4%b2%e6%8a%a4%e7%94%9f%e5%91%bd%e3%80%81%e4%bf%9d%e7%94%9f%e8%ae%a1/,1.0,FinNLP-Lexicon-ZH,0.0,Model-Unavailable,-0.4167,Claude-DeepSeek,,
2026-07-21 10:27:04,"Wed, 01 Jul 2020 16:00:00 GMT",麦肯锡-宏观,快进中国：30项举措助力企业重振业务、重塑未来,https://www.mckinsey.com.cn/%e5%bf%ab%e8%bf%9b%e4%b8%ad%e5%9b%bd%ef%bc%9a30%e9%a1%b9%e4%b8%be%e6%8e%aa%e5%8a%a9%e5%8a%9b%e4%bc%81%e4%b8%9a%e9%87%8d%e6%8c%af%e4%b8%9a%e5%8a%a1%e3%80%81%e9%87%8d%e5%a1%91%e6%9c%aa%e6%9d%a5/,1.0,FinNLP-Lexicon-ZH,0.0,Model-Unavailable,0.0333,Claude-DeepSeek,,
2026-07-21 10:27:04,"Tue, 26 May 2020 16:00:00 GMT",麦肯锡-宏观,瞻望未来：我们如何构建“下一个新常态”,https://www.mckinsey.com.cn/%e7%9e%bb%e6%9c%9b%e6%9c%aa%e6%9d%a5%ef%bc%9a%e6%88%91%e4%bb%ac%e5%a6%82%e4%bd%95%e6%9e%84%e5%bb%ba%e4%b8%8b%e4%b8%80%e4%b8%aa%e6%96%b0%e5%b8%b8%e6%80%81/,0.0,Lexicon-Neutral,0.0,Model-Unavailable,-0.3333,Claude-DeepSeek,,
2026-07-21 10:27:04,"Wed, 20 May 2020 16:00:00 GMT",麦肯锡-宏观,快进中国：新冠疫情如何加快五大经济趋势,https://www.mckinsey.com.cn/%e5%bf%ab%e8%bf%9b%e4%b8%ad%e5%9b%bd%ef%bc%9a%e6%96%b0%e5%86%a0%e7%96%ab%e6%83%85%e5%a6%82%e4%bd%95%e5%8a%a0%e5%bf%ab%e4%ba%94%e5%a4%a7%e7%bb%8f%e6%b5%8e%e8%b6%8b%e5%8a%bf/,0.0,Lexicon-Neutral,0.0,Model-Unavailable,0.0333,Claude-DeepSeek,,
2026-07-21 10:27:04,"Wed, 29 Apr 2020 16:00:00 GMT",麦肯锡-宏观,护生命，保生计：当前最紧迫的双重任务,https://www.mckinsey.com.cn/%e6%8a%a4%e7%94%9f%e5%91%bd%ef%bc%8c%e4%bf%9d%e7%94%9f%e8%ae%a1%ef%bc%9a%e5%bd%93%e5%89%8d%e6%9c%80%e7%b4%a7%e8%bf%ab%e7%9a%84%e5%8f%8c%e9%87%8d%e4%bb%bb%e5%8a%a1/,0.0,Lexicon-Neutral,0.0,Model-Unavailable,-0.3333,Claude-DeepSeek,,
2026-07-21 10:27:04,"Thu, 09 Apr 2020 16:00:00 GMT",麦肯锡-宏观,疫情之后：通往下一个新常态之路,https://www.mckinsey.com.cn/%e7%96%ab%e6%83%85%e4%b9%8b%e5%90%8e%ef%bc%9a%e9%80%9a%e5%be%80%e4%b8%8b%e4%b8%80%e4%b8%aa%e6%96%b0%e5%b8%b8%e6%80%81%e4%b9%8b%e8%b7%af/,0.0,Lexicon-Neutral,0.0,Model-Unavailable,-0.5,Claude-DeepSeek,,
2026-07-21 10:27:04,"Sun, 22 Mar 2020 16:00:00 GMT",麦肯锡-宏观,COVID-19：全球商业影响分析与启示（更新版）,https://www.mckinsey.com.cn/covid-19%ef%bc%9a%e5%85%a8%e7%90%83%e5%95%86%e4%b8%9a%e5%bd%b1%e5%93%8d%e5%88%86%e6%9e%90%e4%b8%8e%e5%90%af%e7%a4%ba%ef%bc%88%e6%9b%b4%e6%96%b0%e7%89%88%ef%bc%89/,0.0,Lexicon-Neutral,0.0,Model-Unavailable,-0.3,Claude-DeepSeek,,
2026-07-21 10:27:04,"Fri, 13 Mar 2020 16:00:00 GMT",麦肯锡-宏观,COVID-19：全球商业影响分析与启示（更新至2020年3月9日）,https://www.mckinsey.com.cn/covid-19%ef%bc%9a%e5%85%a8%e7%90%83%e5%95%86%e4%b8%9a%e5%bd%b1%e5%93%8d%e5%88%86%e6%9e%90%e4%b8%8e%e5%90%af%e7%a4%ba%ef%bc%88%e6%9b%b4%e6%96%b0%e8%87%b32020%e5%b9%b43%e6%9c%889%e6%97%a5%ef%bc%89/,0.0,Lexicon-Neutral,0.0,Model-Unavailable,-0.3333,Claude-DeepSeek,,
2026-07-21 10:27:04,"Tue, 10 Mar 2020 16:00:00 GMT",麦肯锡-宏观,靶向施诊，固本培元，着手成春：新冠疫情后地方经济的重启之道,https://www.mckinsey.com.cn/%e9%9d%b6%e5%90%91%e6%96%bd%e8%af%8a%ef%bc%8c%e5%9b%ba%e6%9c%ac%e5%9f%b9%e5%85%83%ef%bc%8c%e7%9d%80%e6%89%8b%e6%88%90%e6%98%a5%ef%bc%9a%e6%96%b0%e5%86%a0%e7%96%ab%e6%83%85%e5%90%8e%e5%9c%b0%e6%96%b9/,1.0,FinNLP-Lexicon-ZH,0.0,Model-Unavailable,-0.2778,Claude-DeepSeek,BETA_TIMING,政策
2026-07-21 10:27:04,"Wed, 04 Mar 2020 16:00:00 GMT",麦肯锡-宏观,疫情之下，农牧食品行业如何化“危”为“机”,https://www.mckinsey.com.cn/%e7%96%ab%e6%83%85%e4%b9%8b%e4%b8%8b%ef%bc%8c%e5%86%9c%e7%89%a7%e9%a3%9f%e5%93%81%e8%a1%8c%e4%b8%9a%e5%a6%82%e4%bd%95%e5%8c%96%e5%8d%b1%e4%b8%ba%e6%9c%ba/,0.0,Lexicon-Neutral,0.0,Model-Unavailable,-0.3333,Claude-DeepSeek,,
2026-07-21 10:27:04,"Thu, 03 Jan 2019 16:00:00 GMT",麦肯锡-宏观,2019中国经济展望：你想知道的大趋势,https://www.mckinsey.com.cn/2019%e4%b8%ad%e5%9b%bd%e7%bb%8f%e6%b5%8e%e5%b1%95%e6%9c%9b%ef%bc%9a%e4%bd%a0%e6%83%b3%e7%9f%a5%e9%81%93%e7%9a%84%e5%a4%a7%e8%b6%8b%e5%8a%bf/,0.0,FinNLP-Lexicon-ZH,0.0,Model-Unavailable,-0.0889,Claude-DeepSeek,BETA_TIMING,政策
2026-07-21 10:27:04,"Sat, 18 Jul 2026 02:53:00 GMT",格隆汇-周热榜,付费解锁“毫秒级”先机！特朗普开启“总统言论变现”,https://www.gelonghui.com/p/5630287,0.0,Lexicon-Neutral,0.0,Model-Unavailable,0.0,Claude-DeepSeek,"HEDGE_COST,HFT_REGULATION","高频,对冲"
2026-07-21 10:27:04,"Sat, 18 Jul 2026 00:06:00 GMT",格隆汇-周热榜,早报 (07.18）| 坠入熊市！美芯片股全线溃败，国际油价飙涨；Meta拟向Anthropic出租算力；美国或设立独立AI监管机构,https://www.gelonghui.com/p/5629831,0.0,Lexicon-Neutral,0.0,Model-Unavailable,0.0333,Claude-DeepSeek,"BETA_TIMING,CTA_TREND","普跌,油轮,伊朗,袭击,熊市"
2026-07-21 10:27:04,"Fri, 17 Jul 2026 10:18:00 GMT",格隆汇-周热榜,龙虎榜 | 中山东路1.76亿砸盘长光华芯，成都系抢筹星网锐捷,https://www.gelonghui.com/p/5629366,1.0,FinNLP-Lexicon-ZH,0.0,Model-Unavailable,-0.0222,Claude-DeepSeek,HFT_REGULATION,成交额
2026-07-21 10:27:04,"Fri, 17 Jul 2026 08:44:00 GMT",格隆汇-周热榜,港股收评：恒科指跌4.37%！芯片、光通信齐挫，电力股逆势走高,https://www.gelonghui.com/p/5627835,-1.0,FinNLP-Lexicon-ZH,0.0,Model-Unavailable,-0.1333,Claude-DeepSeek,"HFT_REGULATION,CTA_TREND","黄金,铜,成交额"
2026-07-21 10:27:04,"Fri, 17 Jul 2026 06:43:00 GMT",格隆汇-周热榜,当前韩股暴跌，是A股2015年的翻版吗？,https://www.gelonghui.com/p/5624088,-1.0,FinNLP-Lexicon-ZH,0.0,Model-Unavailable,-0.2167,Claude-DeepSeek,BETA_TIMING,"大跌,暴跌"
2026-07-21 10:27:04,"Fri, 17 Jul 2026 03:37:00 GMT",格隆汇-周热榜,杠杆崩塌与泡沫担忧引爆！全球AI硬科技“血雨腥风”,https://www.gelonghui.com/p/5618990,-1.0,FinNLP-Lexicon-ZH,0.0,Model-Unavailable,-0.3,Claude-DeepSeek,"BETA_TIMING,HFT_REGULATION","大跌,万亿"
2026-07-21 10:27:04,"Fri, 17 Jul 2026 03:26:00 GMT",格隆汇-周热榜,联亚药业即将创业板上市，为缓控释制剂仿制药企，2025年净利润下降,https://www.gelonghui.com/p/5618473,0.0,Lexicon-Neutral,0.0,Model-Unavailable,-0.1667,Claude-DeepSeek,,
2026-07-21 10:27:04,"Fri, 17 Jul 2026 00:04:00 GMT",格隆汇-周热榜,早报 (07.17）| 两大新利空！SpaceX破发，美存储股又崩；白宫称伊朗正遭“毁灭性打击”,https://www.gelonghui.com/p/5612005,0.0,Lexicon-Neutral,0.0,Model-Unavailable,0.2,Claude-DeepSeek,CTA_TREND,"袭击,伊朗"
2026-07-21 10:27:04,"Thu, 16 Jul 2026 11:38:00 GMT",格隆汇-周热榜,37次临停，8次熔断！韩股到底有多魔幻！,https://www.gelonghui.com/p/5611861,-1.0,FinNLP-Lexicon-ZH,0.0,Model-Unavailable,-0.3,Claude-DeepSeek,"BETA_TIMING,HFT_REGULATION","暴跌,万亿,熔断,熊市"
2026-07-21 10:27:04,"Thu, 16 Jul 2026 06:48:00 GMT",格隆汇-周热榜,“对谷歌的投资是我提出来的！” 巴菲特最新专访，关于停捐盖茨基金会、科技股投资……,https://www.gelonghui.com/p/5605427,-1.0,FinNLP-Lexicon-ZH,0.0,Model-Unavailable,0.0,Claude-DeepSeek,,
2026-07-21 10:27:04,"Mon, 20 Jul 2026 11:11:00 GMT",格隆汇-日热榜,Kimi K3直追海外，对AI投资到底意味着什么？,https://www.gelonghui.com/p/5653754,1.0,FinNLP-Lexicon-ZH,0.0,Model-Unavailable,0.3333,Claude-DeepSeek,"BETA_TIMING,HFT_REGULATION","暴涨,万亿"
2026-07-21 10:27:04,"Mon, 20 Jul 2026 11:07:00 GMT",格隆汇-日热榜,长鑫深度解读系列(一) | 亏损十年，为何能值3万亿？,https://www.gelonghui.com/p/5653731,-1.0,FinNLP-Lexicon-ZH,0.0,Model-Unavailable,0.3333,Claude-DeepSeek,HFT_REGULATION,万亿
2026-07-21 10:27:04,"Mon, 20 Jul 2026 10:39:00 GMT",格隆汇-日热榜,美图CFO颜劲良：审美能力可能才是AI时代最稀缺的资产,https://www.gelonghui.com/p/5653504,0.0,FinNLP-Lexicon-ZH,0.0,Model-Unavailable,-0.3,Claude-DeepSeek,,
2026-07-21 10:27:04,"Mon, 20 Jul 2026 09:52:00 GMT",格隆汇-日热榜,龙虎榜 | 东山精密跌停，深股通抄底6.48亿元！超8亿资金出逃德明利,https://www.gelonghui.com/p/5652952,1.0,FinNLP-Lexicon-ZH,0.0,Model-Unavailable,-0.0222,Claude-DeepSeek,HFT_REGULATION,成交额
2026-07-21 10:27:04,"Mon, 20 Jul 2026 07:45:00 GMT",格隆汇-日热榜,拥有双端入口的智慧运力平台，九识智能的价值逻辑正在重构,https://www.gelonghui.com/p/5649780,0.0,Lexicon-Neutral,0.0,Model-Unavailable,0.0,Claude-DeepSeek,,
2026-07-21 10:27:04,"Mon, 20 Jul 2026 07:30:00 GMT",格隆汇-日热榜,A股收评：创业板指触底回升涨0.42%，油气、电力、煤炭板块领涨,https://www.gelonghui.com/p/5649088,1.0,FinNLP-Lexicon-ZH,0.0,Model-Unavailable,0.0333,Claude-DeepSeek,"HFT_REGULATION,CTA_TREND","石油,铜,成交额"
2026-07-21 10:27:04,"Mon, 20 Jul 2026 06:31:00 GMT",格隆汇-日热榜,茅台涨价！全线暴涨！,https://www.gelonghui.com/p/5646265,1.0,FinNLP-Lexicon-ZH,0.0,Model-Unavailable,0.4778,Claude-DeepSeek,"BETA_TIMING,HFT_REGULATION","万亿,暴涨,大涨"
2026-07-21 10:27:04,"Mon, 20 Jul 2026 05:51:00 GMT",格隆汇-日热榜,超节点真机亮相，这个赛道正悄然换挡！,https://www.gelonghui.com/p/5644251,0.0,Lexicon-Neutral,0.0,Model-Unavailable,0.0,Claude-DeepSeek,,
2026-07-21 10:27:04,"Mon, 20 Jul 2026 02:56:00 GMT",格隆汇-日热榜,工信部：AI手机和电脑、智能机器人等成为信息消费新热点,https://www.gelonghui.com/p/5638885,1.0,FinNLP-Lexicon-ZH,0.0,Model-Unavailable,0.2,Claude-DeepSeek,,
2026-07-21 10:27:04,"Mon, 20 Jul 2026 02:36:00 GMT",格隆汇-日热榜,利好组合拳打出！A股震荡拉升，港股科技大反攻,https://www.gelonghui.com/p/5637892,1.0,FinNLP-Lexicon-ZH,0.0,Model-Unavailable,0.4222,Claude-DeepSeek,CTA_TREND,铝
2026-07-21 10:27:04,"Sun, 19 Jul 2026 16:00:00 GMT",有知有行,同样是储蓄险，什么时候选增额寿，什么时候选年金？ 7月20日 把今天的一笔钱，固定成某种未来的形状,https://youzhiyouxing.cn/materials/2225,0.0,Lexicon-Neutral,0.0,Model-Unavailable,-0.3333,Claude-DeepSeek,,
2026-07-21 10:27:04,"Sun, 19 Jul 2026 16:00:00 GMT",有知有行,E59 和木爷聊聊： 明明说好长期持有，可市场一波动还是忍不住操作？ 7月20日 投资是知识的变现，也是状态的变现。,https://youzhiyouxing.cn/materials/2224,1.0,FinNLP-Lexicon-ZH,0.0,Model-Unavailable,0.1667,Claude-DeepSeek,,
2026-07-21 10:27:04,"Thu, 16 Jul 2026 16:00:00 GMT",有知有行,E243 对话杨雨坤：大脑会记得，我们是怎样长大的 7月17日 🍼 理解养育，也是理解曾经的自己。,https://youzhiyouxing.cn/materials/2223,0.0,Lexicon-Neutral,0.0,Model-Unavailable,0.0,Claude-DeepSeek,,
2026-07-21 10:27:04,"Tue, 14 Jul 2026 16:00:00 GMT",有知有行,医药大涨，医药基金业绩为何差异如此大 7月15日 极致分化的行情里，指数增强基金也在分化,https://youzhiyouxing.cn/materials/2222,1.0,FinNLP-Lexicon-ZH,0.0,Model-Unavailable,0.0333,Claude-DeepSeek,"STYLE_FACTOR,BETA_TIMING","大涨,沪深300,红利"
2026-07-21 10:27:04,"Sun, 12 Jul 2026 16:00:00 GMT",有知有行,免健康告知医疗险又上新了，三款怎么选？ 7月13日 众民保 2026、长相安 5 号、众民保中高端医疗险 2026，一起横向对比,https://youzhiyouxing.cn/materials/2221,0.0,Lexicon-Neutral,0.0,Model-Unavailable,0.0,Claude-DeepSeek,,
2026-07-21 10:27:04,"Thu, 09 Jul 2026 16:00:00 GMT",有知有行,E242 我和我想要的家：5 个普通人的安家故事｜小酒馆故事会🍻 7月10日 🏠 关于理想的家，我们各有答案。,https://youzhiyouxing.cn/materials/2219,0.0,Lexicon-Neutral,0.0,Model-Unavailable,-0.2,Claude-DeepSeek,,
2026-07-21 10:27:04,"Tue, 07 Jul 2026 16:00:00 GMT",有知有行,296 从 AI 纯度看今年指数的结构性分化 7月8日 指数背后是一篮子股票，先看懂装了什么,https://youzhiyouxing.cn/materials/2218,1.0,FinNLP-Lexicon-ZH,0.0,Model-Unavailable,0.1111,Claude-DeepSeek,"STYLE_FACTOR,CTA_TREND","石油,微盘,大盘股,微盘股"
2026-07-21 10:27:04,"Mon, 06 Jul 2026 16:00:00 GMT",有知有行,海外长钱暂停买入，不等于暂停管理 7月7日 聊聊海外长钱重新开门迎客的几种场景,https://youzhiyouxing.cn/materials/2217,1.0,FinNLP-Lexicon-ZH,0.0,Model-Unavailable,0.2,Claude-DeepSeek,,
2026-07-21 10:27:04,"Sun, 05 Jul 2026 16:00:00 GMT",有知有行,7 月家庭保险配置方案 7月6日 众民保升级了,https://youzhiyouxing.cn/materials/2212,0.0,FinNLP-Lexicon-ZH,0.0,Model-Unavailable,0.0,Claude-DeepSeek,,
2026-07-21 10:27:04,"Sun, 05 Jul 2026 16:00:00 GMT",有知有行,E58 指数编制：看似冰冷的规则机器，却在塑造你我眼中的市场 7月6日 个人投资者，该如何选到适合自己的指数？,https://youzhiyouxing.cn/materials/2213,0.0,Lexicon-Neutral,0.0,Model-Unavailable,0.0,Claude-DeepSeek,,
2026-07-21 10:27:04,"Tue, 21 Jul 2026 01:58:38 GMT",富途要闻,复刻“DeepSeek时刻”？华尔街齐称：Kimi K3反而强化算力需求,https://news.futunn.com/post/76311348/recreating-the-deepseek-moment-wall-street-unanimously-says-kimi-k3,-1.0,FinNLP-Lexicon-ZH,0.0,Model-Unavailable,-0.3333,Claude-DeepSeek,HFT_REGULATION,万亿
2026-07-21 10:27:04,"Tue, 21 Jul 2026 01:35:41 GMT",富途要闻,中国软件国际股价续涨，公司与月之暗面合作，共建实验室布局企业级Agentic AI,https://news.futunn.com/post/76310951/chinasoft-international-s-share-price-continued-to-rise-as-the,0.0,Lexicon-Neutral,0.0,Model-Unavailable,0.0,Claude-DeepSeek,,
2026-07-21 10:27:04,"Tue, 21 Jul 2026 01:24:00 GMT",富途要闻,哈尔滨电气盈喜大涨，预期上半年归母净利润增至约17亿元,https://news.futunn.com/post/76310968/harbin-electric-surged-on-positive-earnings-guidance-with-expected-attributable,1.0,FinNLP-Lexicon-ZH,0.0,Model-Unavailable,0.0,Claude-DeepSeek,BETA_TIMING,大涨
2026-07-21 10:27:04,"Tue, 21 Jul 2026 01:21:00 GMT",富途要闻,港股开市：恒指、科指微升，MINIMAX涨超5%，智谱涨超4%,https://news.futunn.com/post/76310527/the-hang-seng-index-opened-up-0-03-while-the,0.0,Lexicon-Neutral,0.0,Model-Unavailable,0.0333,Claude-DeepSeek,,
2026-07-21 10:27:04,"Tue, 21 Jul 2026 01:12:45 GMT",富途要闻,中金：融资热vs资金紧矛盾日益突出，市场将进入“中场休息”阶段,https://news.futunn.com/post/76308233/cicc-the-contradiction-between-robust-financing-demand-and-tight-liquidity,0.0,Lexicon-Neutral,0.0,Model-Unavailable,-0.2778,Claude-DeepSeek,"STYLE_FACTOR,BETA_TIMING","拥挤度,政策"
2026-07-21 10:27:04,"Tue, 21 Jul 2026 01:10:04 GMT",富途要闻,瑞银：历史级别抛售后，现在是时候逐步建仓“动能股”了,https://news.futunn.com/post/76308114/ubs-group-after-a-historic-selloff-it-s-time-to,1.0,FinNLP-Lexicon-ZH,0.0,Model-Unavailable,0.0556,Claude-DeepSeek,HEDGE_COST,对冲
2026-07-21 10:27:04,"Tue, 21 Jul 2026 01:08:00 GMT",富途要闻,高盛解读美联储“五大工作组”：如果沃什想要借此“降息”，很难获得支持,https://news.futunn.com/post/76309464/goldman-sachs-analyzes-the-fed-s-five-working-groups-if,0.0,Lexicon-Neutral,0.0,Model-Unavailable,0.0,Claude-DeepSeek,BETA_TIMING,"降息,政策"
2026-07-21 10:27:04,"Tue, 21 Jul 2026 00:59:00 GMT",富途要闻,Iren、Hut、Nebius全线大涨，英伟达带头砸钱，科技巨头大单涌向“AI云”,https://news.futunn.com/post/76309468/iren-hut-and-nebius-surged-across-the-board-as-nvidia,1.0,FinNLP-Lexicon-ZH,0.0,Model-Unavailable,0.2833,Claude-DeepSeek,"BETA_TIMING,CTA_TREND","暴涨,黄金,大涨"
2026-07-21 10:27:04,"Tue, 21 Jul 2026 00:07:43 GMT",富途要闻,富途早报 | 美国宣布对加拿大部分产品加征50%关税；美股空头押注逼近历史高位，科技巨头财报定方向；港交所称延长交易时间仍处早期探讨,https://news.futunn.com/post/76307207/futu-morning-brief-us-announces-50-tariffs-on-certain-canadian,1.0,FinNLP-Lexicon-ZH,0.0,Model-Unavailable,0.3333,Claude-DeepSeek,CTA_TREND,伊朗
2026-07-21 10:27:04,"Mon, 20 Jul 2026 23:40:00 GMT",富途要闻,每一次证监会稳市场座谈会后，资本市场都发生了什么？,https://news.futunn.com/post/76283909/what-has-happened-in-the-capital-markets-following-each-of,0.0,Lexicon-Neutral,0.0,Model-Unavailable,0.0,Claude-DeepSeek,HFT_REGULATION,证监会
2026-07-21 10:27:04,"Mon, 20 Jul 2026 23:22:59 GMT",富途要闻,双线资本预计美联储今年或维持利率不变，沃什鹰派立场已在市场中建起较强公信力,https://news.futunn.com/post/76306189/doubleline-capital-expects-the-federal-reserve-to-hold-rates-steady,-1.0,FinNLP-Lexicon-ZH,0.0,Model-Unavailable,-0.3,Claude-DeepSeek,"BETA_TIMING,CTA_TREND","央行,中东,放缓,政策"
2026-07-21 10:27:04,"Mon, 20 Jul 2026 23:01:34 GMT",富途要闻,314亿配售后七天浮亏44%：智谱两日再蒸发3000亿，万亿叙事退潮拷问AI估值逻辑,https://news.futunn.com/post/76306513/a-hk-31-4-billion-rights-issue-sees-a-44,0.3333,FinNLP-Lexicon-ZH,0.0,Model-Unavailable,-0.4667,Claude-DeepSeek,HFT_REGULATION,万亿
2026-07-21 10:27:04,"Mon, 20 Jul 2026 22:58:28 GMT",富途要闻,三步部署、30分钟跑通Agent：英伟达将AI智能体装进了桌面工作站,https://news.futunn.com/post/76306509/three-step-deployment-agent-up-and-running-in-30-minutes,0.0,Lexicon-Neutral,0.0,Model-Unavailable,0.0,Claude-DeepSeek,,
2026-07-21 10:27:04,"Mon, 20 Jul 2026 22:42:37 GMT",富途要闻,成交额TOP20 | 美光、闪迪涨约2%，SK海力士跌近2%；AMD Helios拿下微软全栈订单；谷歌开发Gemini专属芯片；甲骨文跌4%，数据中心成本暴增,https://news.futunn.com/post/76304859/top-20-by-trading-volume-micron-and-sandisk-up-2,1.0,FinNLP-Lexicon-ZH,0.0,Model-Unavailable,-0.3,Claude-DeepSeek,HFT_REGULATION,"成交额,万亿"
2026-07-21 10:27:04,"Mon, 20 Jul 2026 22:30:00 GMT",富途要闻,美股收盘 | 三大指数高开低走齐收跌；云服务商迎订单潮，IREN飙升20%，Hut 8涨超10%；中概走强，阿里巴巴涨近5%；加密反弹，Circle涨8%,https://news.futunn.com/post/76306255/us-market-close-all-three-major-indices-opened-higher-but,1.0,FinNLP-Lexicon-ZH,0.0,Model-Unavailable,0.0333,Claude-DeepSeek,CTA_TREND,"地缘,中东,伊朗"
2026-07-21 10:27:04,"Mon, 20 Jul 2026 22:16:36 GMT",富途要闻,特朗普宣布对部分加拿大商品加征50%关税，指责其存在贸易歧视,https://news.futunn.com/post/76306029/trump-announced-a-50-tariff-on-certain-canadian-goods-accusing,0.0,Lexicon-Neutral,0.0,Model-Unavailable,0.0,Claude-DeepSeek,,
2026-07-21 10:27:04,"Mon, 20 Jul 2026 22:02:16 GMT",富途要闻,贝莱德拟发逾120亿美元债券，为Meta得州数据中心提供融资,https://news.futunn.com/post/76304952/blackrock-plans-to-issue-over-12-billion-in-bonds-to,0.0,Lexicon-Neutral,0.0,Model-Unavailable,-0.3,Claude-DeepSeek,,
2026-07-21 10:27:04,"Mon, 20 Jul 2026 21:52:00 GMT",富途要闻,比Rubin贵四成却拿下微软全栈订单？AMD产品周前用“定价权”重新定义AI芯片竞争,https://news.futunn.com/post/76305374/40-more-expensive-than-rubin-yet-securing-microsoft-s-full,0.0,Lexicon-Neutral,0.0,Model-Unavailable,-0.3,Claude-DeepSeek,,
2026-07-21 10:27:04,"Mon, 20 Jul 2026 21:16:03 GMT",富途要闻,AI动量交易面临挑战，高盛：对冲基金过去两个月创纪录抛售美国科技股,https://news.futunn.com/post/76305009/ai-driven-momentum-trading-faces-challenges-as-goldman-sachs-reports,0.0,Lexicon-Neutral,0.0,Model-Unavailable,-0.4667,Claude-DeepSeek,HEDGE_COST,对冲
2026-07-21 10:27:04,"Mon, 20 Jul 2026 20:36:32 GMT",富途要闻,空中出租车公司变身军工玩家，美eVTOL企业开辟防务市场股价暴涨,https://news.futunn.com/post/76302274/air-taxi-companies-pivot-to-defense-sector-as-us-evtol,1.0,FinNLP-Lexicon-ZH,0.0,Model-Unavailable,0.3333,Claude-DeepSeek,BETA_TIMING,暴涨
2026-07-21 10:27:04,"Mon, 20 Jul 2026 20:33:45 GMT",富途-AI专题,月之暗面引爆AI交易变局，盘点新格局下的赢家与输家,https://news.futunn.com/post/76303449/moonshot-ai-ignites-a-shift-in-ai-driven-trading-assessing,0.0,Lexicon-Neutral,0.0,Model-Unavailable,-0.3333,Claude-DeepSeek,,
2026-07-21 10:27:04,"Mon, 20 Jul 2026 13:16:42 GMT",富途-AI专题,直击世界人工智能大会，基金经理调研三大方向,https://news.futunn.com/post/76291081/on-site-coverage-of-the-world-artificial-intelligence-conference-fund,0.0,Lexicon-Neutral,0.0,Model-Unavailable,0.0,Claude-DeepSeek,,
2026-07-21 10:27:04,"Mon, 20 Jul 2026 09:39:56 GMT",富途-AI专题,韩国券商Meritz：中东主权AI资金入场采购韩国内存，Kimi K3是利好不是冲击,https://news.futunn.com/post/76267877/south-korean-brokerage-meritz-middle-eastern-sovereign-ai-funds-are,1.0,FinNLP-Lexicon-ZH,0.0,Model-Unavailable,0.1667,Claude-DeepSeek,CTA_TREND,中东
2026-07-21 10:27:04,"Mon, 20 Jul 2026 08:33:26 GMT",富途-AI专题,外资最新怎么看？认为AI拥挤但非泡沫，不预期加息,https://news.futunn.com/post/76273114/what-is-the-latest-view-from-foreign-investors-they-believe,0.0,Lexicon-Neutral,0.0,Model-Unavailable,0.0,Claude-DeepSeek,,
2026-07-21 10:27:04,"Mon, 20 Jul 2026 01:27:00 GMT",富途-AI专题,阿里新旗舰模型Qwen3.8预览：2.4万亿参数，直逼Fable 5和Kimi 3,https://news.futunn.com/post/76243086/preview-of-alibaba-s-new-flagship-model-qwen3-8-2,0.0,Lexicon-Neutral,0.0,Model-Unavailable,0.0,Claude-DeepSeek,HFT_REGULATION,万亿
2026-07-21 10:27:04,"Sun, 19 Jul 2026 09:38:50 GMT",富途-AI专题,SemiAnalysis：Kimi K3的KDA机制提高注意力效率，但将需要更多的GPU、HBM、DRAM和网络，而非更少！,https://news.futunn.com/post/76235014/semianalysis-kimi-k3-s-kda-mechanism-improves-attention-efficiency-but,0.0,Lexicon-Neutral,0.0,Model-Unavailable,0.0,Claude-DeepSeek,,
2026-07-21 10:27:04,"Sun, 19 Jul 2026 09:36:35 GMT",富途-AI专题,英伟达：从“一次性训练”的大模型到“后训练改进”的Agent，算力需求正在变化,https://news.futunn.com/post/76235899/nvidia-from-one-time-training-large-models-to-post-training,0.0,Lexicon-Neutral,0.0,Model-Unavailable,0.0,Claude-DeepSeek,,
2026-07-21 10:27:04,"Sun, 19 Jul 2026 03:26:20 GMT",富途-AI专题,周末读物 | AI时代的新60/40：不是股债，而是AI与非AI,https://news.futunn.com/post/76121838/weekend-reading-the-new-60-40-in-the-ai-era,0.0,Lexicon-Neutral,0.0,Model-Unavailable,0.0,Claude-DeepSeek,,
2026-07-21 10:27:04,"Sun, 19 Jul 2026 02:55:37 GMT",富途-AI专题,阿里云WAIC论坛： “AI爆发不靠一两颗芯片”、SaaS将转向“按结果付费”、模型不再是唯一核心,https://news.futunn.com/post/76227170/alibaba-cloud-waic-forum-ai-boom-won-t-rely-on,1.0,FinNLP-Lexicon-ZH,0.0,Model-Unavailable,0.0,Claude-DeepSeek,,
2026-07-21 10:27:04,"Sat, 18 Jul 2026 01:11:00 GMT",富途-AI专题,硅谷不满出口管制“临时起意”，特朗普政府拟建“AI版FINRA”以平息行业焦虑,https://news.futunn.com/post/76223376/silicon-valley-expresses-discontent-over-ad-hoc-export-controls-as,0.0,Lexicon-Neutral,0.0,Model-Unavailable,0.0,Claude-DeepSeek,,
2026-07-21 10:27:04,"Fri, 17 Jul 2026 22:56:56 GMT",富途-AI专题,报道：美国考虑设立独立AI监管机构，对顶级AI模型进行安全审查,https://news.futunn.com/post/76221280/report-the-united-states-is-considering-establishing-an-independent-ai,0.0,Lexicon-Neutral,0.0,Model-Unavailable,0.0,Claude-DeepSeek,,
2026-07-21 10:27:04,"Fri, 17 Jul 2026 13:52:00 GMT",富途-AI专题,Kimi K3横空出世，大摩：中国前沿大模型已实现全面追赶，规模、性能与定价同步突破,https://news.futunn.com/post/76208320/kimi-k3-debuts-amid-great-anticipation-morgan-stanley-china-s,1.0,FinNLP-Lexicon-ZH,0.0,Model-Unavailable,0.0,Claude-DeepSeek,,
2026-07-21 10:27:04,"Fri, 17 Jul 2026 13:36:00 GMT",富途-AI专题,韩国AI交易震荡引发全球风格切换！杠杆资金退潮之际，“量化安全交易”重返华尔街,https://news.futunn.com/post/76208494/korea-s-ai-driven-trading-turmoil-sparks-a-global-style,-1.0,FinNLP-Lexicon-ZH,0.0,Model-Unavailable,0.0,Claude-DeepSeek,STYLE_FACTOR,风格切换
2026-07-21 10:27:04,"Fri, 17 Jul 2026 12:34:00 GMT",富途-AI专题,AI巨兽“吸血”传统软件股！IBM历史性暴跌，科技界最残酷的预算大清洗正在上演,https://news.futunn.com/post/76205951/ai-behemoths-are-sucking-the-blood-of-traditional-software-stocks,-1.0,FinNLP-Lexicon-ZH,0.0,Model-Unavailable,-0.3333,Claude-DeepSeek,BETA_TIMING,暴跌
2026-07-21 10:27:04,"Fri, 17 Jul 2026 08:49:49 GMT",富途-AI专题,美股芯片股，距熊市仅一步之遥,https://news.futunn.com/post/76189672/us-semiconductor-stocks-are-just-a-step-away-from-a,0.0,Lexicon-Neutral,0.0,Model-Unavailable,0.0,Claude-DeepSeek,BETA_TIMING,熊市
2026-07-21 10:27:04,"Thu, 16 Jul 2026 22:43:00 GMT",富途-AI专题,大空头Ed Zitron1.5万字长文警告：OpenAI失败将引发科技股大规模重新定价,https://news.futunn.com/post/76157945/ed-zitron-the-prominent-short-seller-warns-in-a-15000,0.0,Lexicon-Neutral,0.0,Model-Unavailable,0.0,Claude-DeepSeek,,
2026-07-21 10:27:04,"Thu, 16 Jul 2026 22:40:24 GMT",富途-AI专题,全球第三强，“Fable级体感”！2.8万亿参数Kimi K3刷新开源记录,https://news.futunn.com/post/76157916/world-s-third-most-powerful-with-fable-level-immersion-kimi,0.0,Lexicon-Neutral,0.0,Model-Unavailable,0.0,Claude-DeepSeek,HFT_REGULATION,万亿
2026-07-21 10:27:04,"Thu, 16 Jul 2026 20:35:00 GMT",富途-AI专题,报道：Gemini旗舰模型发布延期，编程能力不及预期，落后OpenAI,https://news.futunn.com/post/76156021/report-gemini-s-flagship-model-launch-delayed-coding-capabilities-fall,0.0,Lexicon-Neutral,0.0,Model-Unavailable,0.0,Claude-DeepSeek,,
2026-07-21 10:27:04,"Thu, 16 Jul 2026 14:52:00 GMT",富途-AI专题,"摩根士丹利警示""内存之墙""：GPU决定AI跑多快，内存决定AI走多远",https://news.futunn.com/post/76145939/morgan-stanley-warns-of-the-memory-wall-gpus-determine-how,-1.0,FinNLP-Lexicon-ZH,0.0,Model-Unavailable,0.0,Claude-DeepSeek,,
2026-07-21 10:27:04,"Thu, 16 Jul 2026 09:13:00 GMT",富途-AI专题,日本欲打造“机器人国家队” 拟采购2.75万颗英伟达Rubin! AI算力超级周期从云端迈向“物理AI”,https://news.futunn.com/post/76127444/japan-aims-to-build-a-national-robotics-team-plans-to,0.0,Lexicon-Neutral,0.0,Model-Unavailable,0.0,Claude-DeepSeek,,
2026-07-21 10:34:57,1770884489,微信公众号,华尔街新交易逻辑：先卖了再说！,https://mp.weixin.qq.com/s/InwkFamoWGDGtc6ns2Z4pA,0.0,Lexicon-Neutral,0.0,Model-Unavailable,0.0,Claude-DeepSeek,,
2026-07-21 10:34:57,1770884096,微信公众号,先卖了再说！,https://mp.weixin.qq.com/s/pERQ8uoQ_j3dYpewHenSiw,0.0,Lexicon-Neutral,0.0,Model-Unavailable,0.0,Claude-DeepSeek,,
2026-07-21 10:34:57,1770879600,微信公众号,谁在主导这场公募FOF的千亿狂欢？,https://mp.weixin.qq.com/s/MqwJKpdHNKYuABr4iT9sWw,0.0,Lexicon-Neutral,0.0,Model-Unavailable,0.0,Claude-DeepSeek,,
2026-07-21 10:34:57,1770879600,微信公众号,2026年企业年金核心解析：优选南方基金，筑牢企业养老与人才竞争力,https://mp.weixin.qq.com/s/yN4N_nm9on5LSZWCBXqrGw,0.0,Lexicon-Neutral,0.0,Model-Unavailable,0.0,Claude-DeepSeek,,
2026-07-21 10:34:57,1770875422,微信公众号,牛市主线依然是：硬通货+硬科技+逆境反转。,https://mp.weixin.qq.com/s/geq3XjTJlV-2JIFFeHWVMA,0.0,Lexicon-Neutral,0.0,Model-Unavailable,0.0,Claude-DeepSeek,BETA_TIMING,牛市
2026-07-21 10:34:57,1770867000,微信公众号,追高亏30！,https://mp.weixin.qq.com/s/QWmcZh6WGuVflpaLbQKXdw,0.0,Lexicon-Neutral,0.0,Model-Unavailable,0.0333,Claude-DeepSeek,CTA_TREND,黄金
2026-07-21 10:34:57,1770865534,微信公众号,去年抄底的小众量化，赚了近90%！,https://mp.weixin.qq.com/s/tCW4UeiApgPXDti7so_cpw,0.0,Lexicon-Neutral,0.0,Model-Unavailable,0.0,Claude-DeepSeek,,
2026-07-21 10:34:57,1770851990,微信公众号,量到底了,https://mp.weixin.qq.com/s/gwr-OjNO66zMQZ5fU0cxgQ,0.0,Lexicon-Neutral,0.0,Model-Unavailable,0.0,Claude-DeepSeek,,
2026-07-21 10:34:57,1770851843,微信公众号,21:30，礼貌下跌，真正的赌局在明天,https://mp.weixin.qq.com/s/XHay-pqDwPabELTkOBU43g,0.0,Lexicon-Neutral,0.0,Model-Unavailable,-0.5,Claude-DeepSeek,,
2026-07-21 10:34:57,1770819674,微信公众号,今年蹲这几个坑,https://mp.weixin.qq.com/s/OGgP-HQZxNdX0-mmblCNjw,0.0,Lexicon-Neutral,0.0,Model-Unavailable,0.0,Claude-DeepSeek,,
2026-07-21 10:34:57,1770793269,微信公众号,两位大佬出手，买入这家公司！,https://mp.weixin.qq.com/s/BoQS62H7YnHAy6WL7VkCOQ,1.0,FinNLP-Lexicon-ZH,0.0,Model-Unavailable,0.1667,Claude-DeepSeek,,
2026-07-21 10:34:57,1770787153,微信公众号,数据出来了！我们一起检验下这波宏观管理人的表现！,https://mp.weixin.qq.com/s/rGCALHpSo1lehuNQ0qxPcQ,-1.0,FinNLP-Lexicon-ZH,0.0,Model-Unavailable,0.0,Claude-DeepSeek,,
2026-07-21 10:34:57,1770785592,微信公众号,化工的饕餮盛宴，才刚刚开始,https://mp.weixin.qq.com/s/G3TPIYcoVu42wuIlbzM0KA,1.0,FinNLP-Lexicon-ZH,0.0,Model-Unavailable,0.1667,Claude-DeepSeek,,
2026-07-21 10:34:57,1770780082,微信公众号,股票量化周度业绩回顾 2026-02-06,https://mp.weixin.qq.com/s/sgusEqO6wOv8DaFTByHV0g,0.0,Lexicon-Neutral,0.0,Model-Unavailable,0.0,Claude-DeepSeek,,
2026-07-21 10:34:57,1770778800,微信公众号,2025年最赚钱的量化，开年又爆了！,https://mp.weixin.qq.com/s/xCJkCS3_D4UNuwOXPHhD1Q,0.0,Lexicon-Neutral,0.0,Model-Unavailable,0.0,Claude-DeepSeek,,
2026-07-21 10:34:57,1770765008,微信公众号,出现了地量,https://mp.weixin.qq.com/s/BSxDMbwnBSZ3vj6rc21JKw,0.0,Lexicon-Neutral,0.0,Model-Unavailable,0.0,Claude-DeepSeek,HFT_REGULATION,地量
2026-07-21 10:34:57,1770764021,微信公众号,22:00过后，世界突然陷入沉默,https://mp.weixin.qq.com/s/x28i4usa4nTBh0BqueiNcw,0.0,Lexicon-Neutral,0.0,Model-Unavailable,0.0,Claude-DeepSeek,,
2026-07-21 10:34:57,1770729582,微信公众号,读读央行两篇专栏,https://mp.weixin.qq.com/s/_p-UQ9wctKB3B8qsqveu0w,0.0,Lexicon-Neutral,0.0,Model-Unavailable,0.0,Claude-DeepSeek,BETA_TIMING,央行
2026-07-21 10:34:57,"Mon, 20 Jul 2026 16:00:00 GMT",东方财富-个股,[华鑫证券][宇顺电子]公司事件点评报告：公司业绩拐点确立，算力新核启航,https://data.eastmoney.com/report/info/AP202607211827189898.html,1.0,FinNLP-Lexicon-ZH,0.0,Model-Unavailable,0.1667,Claude-DeepSeek,,
2026-07-21 10:34:57,"Mon, 20 Jul 2026 16:00:00 GMT",东方财富-个股,[西南证券][山高环能]受益于UCO需求旺盛，上半年业绩大幅上升,https://data.eastmoney.com/report/info/AP202607211827180898.html,0.0,Lexicon-Neutral,0.0,Model-Unavailable,0.0,Claude-DeepSeek,,
2026-07-21 10:34:57,"Mon, 20 Jul 2026 16:00:00 GMT",东方财富-个股,[国金证券][联动科技]公司深度研究：功率测试设备供应商跨界存储，迎行业量价齐升长景气周期,https://data.eastmoney.com/report/info/AP202607211827179980.html,1.0,FinNLP-Lexicon-ZH,0.0,Model-Unavailable,0.1667,Claude-DeepSeek,,
2026-07-21 10:34:57,"Mon, 20 Jul 2026 16:00:00 GMT",东方财富-个股,[国金证券][华峰测控]公司深度研究：筑牢模拟测试基本盘，SoC打开成长新空间,https://data.eastmoney.com/report/info/AP202607211827179969.html,1.0,FinNLP-Lexicon-ZH,0.0,Model-Unavailable,0.1667,Claude-DeepSeek,,
2026-07-21 10:34:57,"Mon, 20 Jul 2026 16:00:00 GMT",东方财富-个股,[东吴证券][璞泰来]2026H1业绩预告点评：负极、隔膜放量贡献盈利弹性，业绩符合市场预期,https://data.eastmoney.com/report/info/AP202607211827167451.html,1.0,FinNLP-Lexicon-ZH,0.0,Model-Unavailable,0.1667,Claude-DeepSeek,,
2026-07-21 10:34:57,"Sun, 19 Jul 2026 16:00:00 GMT",东方财富-个股,[国信证券][白云电器]主变出海新势力，直流配电布局契合AIDC趋势,https://data.eastmoney.com/report/info/AP202607201827158346.html,1.0,FinNLP-Lexicon-ZH,0.0,Model-Unavailable,0.1667,Claude-DeepSeek,,
2026-07-21 10:34:57,"Sun, 19 Jul 2026 16:00:00 GMT",东方财富-个股,[国信证券][平煤股份]困境反转的中南地区焦煤龙头,https://data.eastmoney.com/report/info/AP202607201827154724.html,1.0,FinNLP-Lexicon-ZH,0.0,Model-Unavailable,0.1667,Claude-DeepSeek,,
2026-07-21 10:34:57,"Sun, 19 Jul 2026 16:00:00 GMT",东方财富-个股,[开源证券][三友化工]公司深度报告：公司为粘胶短纤、有机硅行业双龙头，电子化学品新项目打开新成长空间,https://data.eastmoney.com/report/info/AP202607201827150557.html,1.0,FinNLP-Lexicon-ZH,0.0,Model-Unavailable,0.1667,Claude-DeepSeek,,
2026-07-21 10:34:57,"Sun, 19 Jul 2026 16:00:00 GMT",东方财富-个股,[华源证券][信德新材]沥青基碳纤维进展可期，26H1业绩预告符合预期,https://data.eastmoney.com/report/info/AP202607201827147463.html,1.0,FinNLP-Lexicon-ZH,0.0,Model-Unavailable,0.1667,Claude-DeepSeek,,
2026-07-21 10:34:57,"Sun, 19 Jul 2026 16:00:00 GMT",东方财富-个股,[东莞证券][盖世食品]深度报告：标准化凉菜细分龙头，餐饮供应链扩容驱动成长,https://data.eastmoney.com/report/info/AP202607201827146766.html,1.0,FinNLP-Lexicon-ZH,0.0,Model-Unavailable,0.1667,Claude-DeepSeek,,
2026-07-21 10:34:57,"Sun, 19 Jul 2026 16:00:00 GMT",东方财富-个股,[东吴证券][中国人保]2026年中报前瞻点评：预计承保盈利与投资收益均向好，看好“行业头雁”长期优势,https://data.eastmoney.com/report/info/AP202607201827146181.html,1.0,FinNLP-Lexicon-ZH,0.0,Model-Unavailable,0.5,Claude-DeepSeek,,
2026-07-21 10:34:57,"Sun, 19 Jul 2026 16:00:00 GMT",东方财富-个股,[群益证券][中国巨石]半年报业绩大幅增长，公司计划扩张产能，建议“买进”,https://data.eastmoney.com/report/info/AP202607201827144749.html,1.0,FinNLP-Lexicon-ZH,0.0,Model-Unavailable,0.1667,Claude-DeepSeek,,
2026-07-21 10:34:57,"Sun, 19 Jul 2026 16:00:00 GMT",东方财富-个股,[华源证券][龙净环保]紫金助力矿山绿电高增，储能+电动矿卡持续成长,https://data.eastmoney.com/report/info/AP202607201827141493.html,1.0,FinNLP-Lexicon-ZH,0.0,Model-Unavailable,0.1667,Claude-DeepSeek,,
2026-07-21 10:34:57,"Sun, 19 Jul 2026 16:00:00 GMT",东方财富-个股,[群益证券][新易盛]二季度利润回归高速增长轨道，高速光模块市场份额预计快速提升,https://data.eastmoney.com/report/info/AP202607201827138735.html,1.0,FinNLP-Lexicon-ZH,0.0,Model-Unavailable,0.1667,Claude-DeepSeek,,
2026-07-21 10:34:57,"Sun, 19 Jul 2026 16:00:00 GMT",东方财富-个股,[开源证券][盛科通信]公司信息更新报告：大幅上修销售商品额，超节点交换芯片龙头蓄势待发,https://data.eastmoney.com/report/info/AP202607201827138533.html,1.0,FinNLP-Lexicon-ZH,0.0,Model-Unavailable,0.1667,Claude-DeepSeek,,
2026-07-21 10:34:57,"Sun, 19 Jul 2026 16:00:00 GMT",东方财富-个股,[群益证券][贵州茅台]飞天茅台年内二次提价，进一步落实市场化机制,https://data.eastmoney.com/report/info/AP202607201827134022.html,0.0,Lexicon-Neutral,0.0,Model-Unavailable,0.0,Claude-DeepSeek,,
2026-07-21 10:34:57,"Sun, 19 Jul 2026 16:00:00 GMT",东方财富-个股,[开源证券][世纪华通]公司信息更新报告：核心产品持续助力业绩释放，丰富储备打开成长空间,https://data.eastmoney.com/report/info/AP202607201827133990.html,1.0,FinNLP-Lexicon-ZH,0.0,Model-Unavailable,0.1667,Claude-DeepSeek,,
2026-07-21 10:34:57,"Sun, 19 Jul 2026 16:00:00 GMT",东方财富-个股,[东吴证券][同花顺]2026年半年报业绩预增点评：归母净利高增，AI落地加速打开成长空间,https://data.eastmoney.com/report/info/AP202607201827132051.html,1.0,FinNLP-Lexicon-ZH,0.0,Model-Unavailable,0.1667,Claude-DeepSeek,,
2026-07-21 10:34:57,"Sun, 19 Jul 2026 16:00:00 GMT",东方财富-个股,[东吴证券][固德电材]深耕动力电池热失控领域，铜铝复合材料打开第二成长曲线,https://data.eastmoney.com/report/info/AP202607201827126472.html,1.0,FinNLP-Lexicon-ZH,0.0,Model-Unavailable,0.1667,Claude-DeepSeek,CTA_TREND,"铜,铝"
2026-07-21 10:34:57,"Sun, 19 Jul 2026 16:00:00 GMT",东方财富-个股,[信达证券][开润股份]开润股份：间接投资DeepSeek落地，订单延续景气,https://data.eastmoney.com/report/info/AP202607201827125106.html,0.0,Lexicon-Neutral,0.0,Model-Unavailable,0.0,Claude-DeepSeek,,
2026-07-21 10:34:57,"Mon, 20 Jul 2026 16:00:00 GMT",东方财富-券商晨报,[万和证券]万和财富早班车,https://pdf.dfcfw.com/pdf/H3_AP202607211827184062_1.pdf?1784625755000.pdf,0.0,Lexicon-Neutral,0.0,Model-Unavailable,0.0,Claude-DeepSeek,,
2026-07-21 10:34:57,"Mon, 20 Jul 2026 16:00:00 GMT",东方财富-券商晨报,[国信证券]晨会纪要,https://pdf.dfcfw.com/pdf/H3_AP202607211827183823_1.pdf?1784625551000.pdf,-1.0,FinNLP-Lexicon-ZH,0.0,Model-Unavailable,0.0333,Claude-DeepSeek,STYLE_FACTOR,沪深300
2026-07-21 10:34:57,"Mon, 20 Jul 2026 16:00:00 GMT",东方财富-券商晨报,[万联证券]万联晨会,https://pdf.dfcfw.com/pdf/H3_AP202607211827183581_1.pdf?1784625650000.pdf,1.0,FinNLP-Lexicon-ZH,0.0,Model-Unavailable,0.2333,Claude-DeepSeek,"BETA_TIMING,HFT_REGULATION,CTA_TREND","两市成交,政策,成交额,石油,铜"
2026-07-21 10:34:57,"Mon, 20 Jul 2026 16:00:00 GMT",东方财富-券商晨报,[东吴证券]晨会纪要,https://pdf.dfcfw.com/pdf/H3_AP202607211827181036_1.pdf?1784623054000.pdf,0.0,FinNLP-Lexicon-ZH,0.0,Model-Unavailable,0.0333,Claude-DeepSeek,BETA_TIMING,"政策,去杠杆"
2026-07-21 10:34:57,"Mon, 20 Jul 2026 16:00:00 GMT",东方财富-券商晨报,[山西证券]研究早观点,https://pdf.dfcfw.com/pdf/H3_AP202607211827180983_1.pdf?1784622977000.pdf,0.0,Lexicon-Neutral,0.0,Model-Unavailable,0.0333,Claude-DeepSeek,STYLE_FACTOR,风格因子
2026-07-21 10:34:57,"Mon, 20 Jul 2026 16:00:00 GMT",东方财富-券商晨报,[开源证券]开源晨会,https://pdf.dfcfw.com/pdf/H3_AP202607211827179979_1.pdf?1784620931000.pdf,1.0,FinNLP-Lexicon-ZH,0.0,Model-Unavailable,0.3667,Claude-DeepSeek,"STYLE_FACTOR,CTA_TREND","石油,沪深300"
2026-07-21 10:34:57,"Mon, 20 Jul 2026 16:00:00 GMT",东方财富-券商晨报,[金元证券]金元晨报,https://pdf.dfcfw.com/pdf/H3_AP202607211827179968_1.pdf?1784620733000.pdf,0.0,Lexicon-Neutral,0.0,Model-Unavailable,0.0667,Claude-DeepSeek,CTA_TREND,石油
2026-07-21 10:34:57,"Sun, 19 Jul 2026 16:00:00 GMT",东方财富-券商晨报,[华源证券]华源晨会精粹,https://pdf.dfcfw.com/pdf/H3_AP202607201827159861_1.pdf?1784584120000.pdf,1.0,FinNLP-Lexicon-ZH,0.0,Model-Unavailable,0.0667,Claude-DeepSeek,"STYLE_FACTOR,CTA_TREND","红利,中东,中证1000,伊朗"
2026-07-21 10:34:57,"Sun, 19 Jul 2026 16:00:00 GMT",东方财富-券商晨报,[东兴证券]东兴晨报,https://pdf.dfcfw.com/pdf/H3_AP202607201827154640_1.pdf?1784575927000.pdf,1.0,FinNLP-Lexicon-ZH,0.0,Model-Unavailable,0.2333,Claude-DeepSeek,"BETA_TIMING,CTA_TREND","库存,规划"
2026-07-21 10:34:57,"Sun, 19 Jul 2026 16:00:00 GMT",东方财富-券商晨报,[第一创业]晨会纪要,https://pdf.dfcfw.com/pdf/H3_AP202607201827139020_1.pdf?1784559128000.pdf,1.0,FinNLP-Lexicon-ZH,0.0,Model-Unavailable,0.0333,Claude-DeepSeek,"BETA_TIMING,HFT_REGULATION","政策,证监会"
2026-07-21 10:34:57,"Sun, 19 Jul 2026 16:00:00 GMT",东方财富-券商晨报,[国新证券股份]每日晨报,https://pdf.dfcfw.com/pdf/H3_AP202607201827135363_1.pdf?1784549766000.pdf,0.0,Lexicon-Neutral,0.0,Model-Unavailable,0.0333,Claude-DeepSeek,"HEDGE_COST,CTA_TREND","股指期货,期货,基差"
2026-07-21 10:34:57,"Sun, 19 Jul 2026 16:00:00 GMT",东方财富-券商晨报,[山西证券]研究早观点,https://pdf.dfcfw.com/pdf/H3_AP202607201827132626_1.pdf?1784543572000.pdf,1.0,FinNLP-Lexicon-ZH,0.0,Model-Unavailable,0.0333,Claude-DeepSeek,STYLE_FACTOR,沪深300
2026-07-21 10:34:57,"Sun, 19 Jul 2026 16:00:00 GMT",东方财富-券商晨报,[东吴证券]晨会纪要,https://pdf.dfcfw.com/pdf/H3_AP202607201827132040_1.pdf?1784542120000.pdf,0.0,Lexicon-Neutral,0.0,Model-Unavailable,0.1,Claude-DeepSeek,,
2026-07-21 10:34:57,"Sun, 19 Jul 2026 16:00:00 GMT",东方财富-券商晨报,[国信证券]晨会纪要,https://pdf.dfcfw.com/pdf/H3_AP202607201827129775_1.pdf?1784539044000.pdf,0.0,Lexicon-Neutral,0.0,Model-Unavailable,0.0333,Claude-DeepSeek,"STYLE_FACTOR,BETA_TIMING,CTA_TREND","黄金,微盘,降息,沪深300"
2026-07-21 10:34:57,"Sun, 19 Jul 2026 16:00:00 GMT",东方财富-券商晨报,[万联证券]万联晨会,https://pdf.dfcfw.com/pdf/H3_AP202607201827129733_1.pdf?1784538975000.pdf,0.0,Lexicon-Neutral,0.0,Model-Unavailable,0.0667,Claude-DeepSeek,"HFT_REGULATION,CTA_TREND","两市成交,石油,成交额"
2026-07-21 10:34:57,"Sun, 19 Jul 2026 16:00:00 GMT",东方财富-券商晨报,[中银证券]中银晨会聚焦,https://pdf.dfcfw.com/pdf/H3_AP202607201827125113_1.pdf?1784536516000.pdf,0.0,Lexicon-Neutral,0.0,Model-Unavailable,0.0333,Claude-DeepSeek,CTA_TREND,石油
2026-07-21 10:34:57,"Sun, 19 Jul 2026 16:00:00 GMT",东方财富-券商晨报,[开源证券]开源晨会,https://pdf.dfcfw.com/pdf/H3_AP202607201827123528_1.pdf?1784534443000.pdf,-0.3333,FinNLP-Lexicon-ZH,0.0,Model-Unavailable,0.5333,Claude-DeepSeek,"STYLE_FACTOR,BETA_TIMING,CTA_TREND","政策,沪深300,石油,超调,出清"
2026-07-21 10:34:57,"Sat, 18 Jul 2026 16:00:00 GMT",东方财富-券商晨报,[华源证券]华源晨会精粹,https://pdf.dfcfw.com/pdf/H3_AP202607191827110229_1.pdf?1784480842000.pdf,0.0,FinNLP-Lexicon-ZH,0.0,Model-Unavailable,0.0667,Claude-DeepSeek,"STYLE_FACTOR,BETA_TIMING","中证1000,放缓"
2026-07-21 10:34:57,"Fri, 17 Jul 2026 16:00:00 GMT",东方财富-券商晨报,[金元证券]金元晨报,https://pdf.dfcfw.com/pdf/H3_AP202607181827094877_1.pdf?1784414725000.pdf,-1.0,FinNLP-Lexicon-ZH,0.0,Model-Unavailable,-0.1,Claude-DeepSeek,"BETA_TIMING,CTA_TREND","大跌,伊朗,袭击"
2026-07-21 10:34:57,"Thu, 16 Jul 2026 16:00:00 GMT",东方财富-券商晨报,[东兴证券]东兴晨报,https://pdf.dfcfw.com/pdf/H3_AP202607171827061140_1.pdf?1784314212000.pdf,1.0,FinNLP-Lexicon-ZH,0.0,Model-Unavailable,0.4333,Claude-DeepSeek,,
2026-07-21 10:34:57,"Mon, 20 Jul 2026 16:00:00 GMT",东方财富-宏观,[粤开证券]【粤开宏观】坚定看好A股：拥挤交易退潮与新一轮蓄力,https://pdf.dfcfw.com/pdf/H3_AP202607211827167508_1.pdf?1784617568000.pdf,0.0,FinNLP-Lexicon-ZH,0.0,Model-Unavailable,0.3667,Claude-DeepSeek,BETA_TIMING,政策
2026-07-21 10:34:57,"Sun, 19 Jul 2026 16:00:00 GMT",东方财富-宏观,[诚通证券]宏观与大类资产周报：市场震荡调整，静待流动性压力缓解,https://pdf.dfcfw.com/pdf/H3_AP202607201827154635_1.pdf?1784577374000.pdf,1.0,FinNLP-Lexicon-ZH,0.0,Model-Unavailable,-0.4333,Claude-DeepSeek,"BETA_TIMING,HFT_REGULATION","万亿,去杠杆"
2026-07-21 10:34:57,"Sun, 19 Jul 2026 16:00:00 GMT",东方财富-宏观,[诚通证券]利率二象性：美债利率展望,https://pdf.dfcfw.com/pdf/H3_AP202607201827154628_1.pdf?1784575822000.pdf,0.0,Lexicon-Neutral,0.0,Model-Unavailable,-0.1333,Claude-DeepSeek,BETA_TIMING,"政策,央行"
2026-07-21 10:34:57,"Sun, 19 Jul 2026 16:00:00 GMT",东方财富-宏观,[民银证券]海外宏观周报（2026年第27期）：美国通胀超预期回落，但中东战事再蒙阴影,https://pdf.dfcfw.com/pdf/H3_AP202607201827154588_1.pdf?1784575540000.pdf,-0.3333,FinNLP-Lexicon-ZH,0.0,Model-Unavailable,0.3667,Claude-DeepSeek,CTA_TREND,中东
2026-07-21 10:34:57,"Sun, 19 Jul 2026 16:00:00 GMT",东方财富-宏观,[国投期货]大类资产运行周报：美国通胀数据低于预期 权益资产周度回落,https://pdf.dfcfw.com/pdf/H3_AP202607201827154189_1.pdf?1784574711000.pdf,1.0,FinNLP-Lexicon-ZH,0.0,Model-Unavailable,0.2333,Claude-DeepSeek,"HFT_REGULATION,CTA_TREND","万亿,中东,期货"
2026-07-21 10:34:57,"Sun, 19 Jul 2026 16:00:00 GMT",东方财富-宏观,[国投期货]6月经济数据快报,https://pdf.dfcfw.com/pdf/H3_AP202607201827154172_1.pdf?1784574711000.pdf,0.0,Lexicon-Neutral,0.0,Model-Unavailable,0.0333,Claude-DeepSeek,CTA_TREND,期货
2026-07-21 10:34:57,"Sun, 19 Jul 2026 16:00:00 GMT",东方财富-宏观,[国金证券]宏观经济点评：如何向AI征税,https://pdf.dfcfw.com/pdf/H3_AP202607201827146696_1.pdf?1784567900000.pdf,-1.0,FinNLP-Lexicon-ZH,0.0,Model-Unavailable,-0.5222,Claude-DeepSeek,BETA_TIMING,"政策,央行"
2026-07-21 10:34:57,"Sun, 19 Jul 2026 16:00:00 GMT",东方财富-宏观,[东兴证券]美国6月CPI数据点评：核心通胀稳定,https://pdf.dfcfw.com/pdf/H3_AP202607201827146489_1.pdf?1784567593000.pdf,1.0,FinNLP-Lexicon-ZH,0.0,Model-Unavailable,0.2333,Claude-DeepSeek,HEDGE_COST,对冲
2026-07-21 10:34:57,"Sun, 19 Jul 2026 16:00:00 GMT",东方财富-宏观,[中诚信国际]2026年6月金融数据点评：客观看待信贷收缩，直接间接融资分化或成常态,https://pdf.dfcfw.com/pdf/H3_AP202607201827136703_1.pdf?1784554070000.pdf,1.0,FinNLP-Lexicon-ZH,0.0,Model-Unavailable,-0.2167,Claude-DeepSeek,HFT_REGULATION,万亿
2026-07-21 10:34:57,"Sun, 19 Jul 2026 16:00:00 GMT",东方财富-宏观,[远东资信]城市更新系列（四）：城市更新财政工具箱：项目与政策性资金适配性分析,https://pdf.dfcfw.com/pdf/H3_AP202607201827134929_1.pdf?1784549071000.pdf,0.0,Lexicon-Neutral,0.0,Model-Unavailable,0.0333,Claude-DeepSeek,BETA_TIMING,政策
2026-07-21 10:34:57,"Sun, 19 Jul 2026 16:00:00 GMT",东方财富-宏观,[东吴证券]海外周报：下半年美国财政基调趋紧,https://pdf.dfcfw.com/pdf/H3_AP202607201827134736_1.pdf?1784548240000.pdf,0.0,FinNLP-Lexicon-ZH,0.0,Model-Unavailable,0.0333,Claude-DeepSeek,BETA_TIMING,去杠杆
2026-07-21 10:34:57,"Sun, 19 Jul 2026 16:00:00 GMT",东方财富-宏观,[光大期货]宏观周报：弱总量、强结构,https://pdf.dfcfw.com/pdf/H3_AP202607201827134106_1.pdf?1784546508000.pdf,0.6667,FinNLP-Lexicon-ZH,0.0,Model-Unavailable,0.2333,Claude-DeepSeek,"BETA_TIMING,CTA_TREND","大涨,期货"
2026-07-21 10:34:57,"Sun, 19 Jul 2026 16:00:00 GMT",东方财富-宏观,[光大期货]大类资产配置周报,https://pdf.dfcfw.com/pdf/H3_AP202607201827134105_1.pdf?1784546508000.pdf,0.5,FinNLP-Lexicon-ZH,0.0,Model-Unavailable,-0.2167,Claude-DeepSeek,CTA_TREND,"地缘,期货,中东,袭击,伊朗"
2026-07-21 10:34:57,"Sun, 19 Jul 2026 16:00:00 GMT",东方财富-宏观,[铜冠金源期货]宏观周报：美国通胀降温与地缘升温交织，国内经济修复仍待内需接力,https://pdf.dfcfw.com/pdf/H3_AP202607201827134044_1.pdf?1784546434000.pdf,0.3333,FinNLP-Lexicon-ZH,0.0,Model-Unavailable,-0.2667,Claude-DeepSeek,"BETA_TIMING,CTA_TREND","地缘,期货,铜,放缓,袭击,伊朗"
2026-07-21 10:34:57,"Sun, 19 Jul 2026 16:00:00 GMT",东方财富-宏观,[远东资信]城市更新系列（三）：万字解析国企如何参与城市更新：业务全景、风险管控与通用框架,https://pdf.dfcfw.com/pdf/H3_AP202607201827132543_1.pdf?1784543694000.pdf,0.0,Lexicon-Neutral,0.0,Model-Unavailable,-0.3,Claude-DeepSeek,,
2026-07-21 10:34:57,"Sun, 19 Jul 2026 16:00:00 GMT",东方财富-宏观,[格林期货]早盘提示,https://pdf.dfcfw.com/pdf/H3_AP202607201827130203_1.pdf?1784539927000.pdf,1.0,FinNLP-Lexicon-ZH,0.0,Model-Unavailable,0.0667,Claude-DeepSeek,CTA_TREND,期货
2026-07-21 10:34:57,"Sun, 19 Jul 2026 16:00:00 GMT",东方财富-宏观,[国信期货]宏观周报：国内上半年GDP符合预期录得4.7% 美国6月物价回落后期仍需观察中东,https://pdf.dfcfw.com/pdf/H3_AP202607201827129915_1.pdf?1784539261000.pdf,0.0,Lexicon-Neutral,0.0,Model-Unavailable,0.0,Claude-DeepSeek,"HFT_REGULATION,CTA_TREND","高频,中东,期货"
2026-07-21 10:34:57,"Sun, 19 Jul 2026 16:00:00 GMT",东方财富-宏观,[东方金诚]2026年7月LPR报价保持不变，下半年有望下调,https://pdf.dfcfw.com/pdf/H3_AP202607201827129787_1.pdf?1784539167000.pdf,-1.0,FinNLP-Lexicon-ZH,0.0,Model-Unavailable,0.1,Claude-DeepSeek,BETA_TIMING,"政策,央行"
2026-07-21 10:34:57,"Sun, 19 Jul 2026 16:00:00 GMT",东方财富-宏观,[华泰期货]美国数据转向，汇率的定价还在确认,https://pdf.dfcfw.com/pdf/H3_AP202607201827125434_1.pdf?1784538870000.pdf,0.0,Lexicon-Neutral,0.0,Model-Unavailable,0.0,Claude-DeepSeek,"BETA_TIMING,CTA_TREND","政策,期货"
2026-07-21 10:34:57,"Sun, 19 Jul 2026 16:00:00 GMT",东方财富-宏观,[东吴证券]宏观量化经济指数周报：极端台风天气或对7月出口和物价造成扰动,https://pdf.dfcfw.com/pdf/H3_AP202607191827115910_1.pdf?1784533083000.pdf,0.0,Lexicon-Neutral,0.0,Model-Unavailable,0.0667,Claude-DeepSeek,HFT_REGULATION,万亿
2026-07-21 10:34:57,"Mon, 20 Jul 2026 14:09:35 GMT",雪球热帖,偷走中产财富的从来不是熊市：2015杠杆爆仓亲历与我的水电悟道,https://xueqiu.com/2884313460/401256738,0.0,FinNLP-Lexicon-ZH,0.0,Model-Unavailable,0.0,Claude-DeepSeek,"STYLE_FACTOR,BETA_TIMING,HFT_REGULATION","政策,红利,放缓,熊市,万亿,牛市"
2026-07-21 10:34:57,"Mon, 20 Jul 2026 12:51:45 GMT",雪球热帖,部分优秀R15最新评估(截至2026年7月17日),https://xueqiu.com/3055849674/401243912,0.0,Lexicon-Neutral,0.0,Model-Unavailable,0.3333,Claude-DeepSeek,,
2026-07-21 10:34:57,"Mon, 20 Jul 2026 09:51:15 GMT",雪球热帖,本期高胜率组合：,https://xueqiu.com/1085703054/401215903,0.0,Lexicon-Neutral,0.0,Model-Unavailable,0.0,Claude-DeepSeek,,
2026-07-21 10:34:57,"Mon, 20 Jul 2026 07:54:08 GMT",雪球热帖,7.20光通信行业更新,https://xueqiu.com/8141527616/401192593,1.0,FinNLP-Lexicon-ZH,0.0,Model-Unavailable,-0.1333,Claude-DeepSeek,,
2026-07-21 10:34:57,"Mon, 20 Jul 2026 02:43:48 GMT",雪球热帖,亲历 2007 狂热盛夏与 2008 寒彻熊市,https://xueqiu.com/8801393218/401096567,0.0,FinNLP-Lexicon-ZH,0.0,Model-Unavailable,0.1667,Claude-DeepSeek,BETA_TIMING,"牛市,熊市"
2026-07-21 10:34:57,"Tue, 21 Jul 2026 02:31:00 GMT",华尔街见闻-要闻,上海钢联发布数据显示，今日MMLC电池级碳酸锂（早盘）中间价报144700元/吨，较上日16:30价格下跌5350元/吨。,https://wallstreetcn.com/livenews/3137242,0.0,Lexicon-Neutral,0.0,Model-Unavailable,-0.1333,Claude-DeepSeek,,
2026-07-21 10:34:57,"Tue, 21 Jul 2026 02:25:07 GMT",华尔街见闻-要闻,创业板指、科创50指数转涨。,https://wallstreetcn.com/livenews/3137241,0.0,Lexicon-Neutral,0.0,Model-Unavailable,0.0,Claude-DeepSeek,,
2026-07-21 10:34:57,"Tue, 21 Jul 2026 02:19:11 GMT",华尔街见闻-要闻,日本厚生劳动大臣：会考虑GPIF对市场的长期影响,https://wallstreetcn.com/livenews/3137240,1.0,FinNLP-Lexicon-ZH,0.0,Model-Unavailable,0.1667,Claude-DeepSeek,,
2026-07-21 10:34:57,"Tue, 21 Jul 2026 02:18:36 GMT",华尔街见闻-要闻,上海网信办对重点平台开展巡查督导，持续净化未成年人网络环境,https://wallstreetcn.com/livenews/3137239,-1.0,FinNLP-Lexicon-ZH,0.0,Model-Unavailable,0.3333,Claude-DeepSeek,,
2026-07-21 10:34:57,"Tue, 21 Jul 2026 02:18:00 GMT",华尔街见闻-要闻,陕西发行7年期普通专项地方债，规模189.3681亿元，发行利率1.6200%，边际倍数1.80倍，倍数预期1.62。,https://wallstreetcn.com/livenews/3137238,0.0,Lexicon-Neutral,0.0,Model-Unavailable,0.0333,Claude-DeepSeek,,
2026-07-21 10:34:57,"Tue, 21 Jul 2026 02:14:35 GMT",华尔街见闻-要闻,重庆：上半年全市地区生产总值16702.17亿元 同比增长4.2%,https://wallstreetcn.com/livenews/3137236,1.0,FinNLP-Lexicon-ZH,0.0,Model-Unavailable,0.2333,Claude-DeepSeek,,
2026-07-21 10:34:57,"Tue, 21 Jul 2026 02:11:16 GMT",华尔街见闻-要闻,创业板指跌超2%，科创50、北证50均跌超3%，微盘股指数跌超6%，算力硬件、半导体芯片、油气等方向跌幅居前，沪深京三市下跌个股近4500只，其中近800股跌超9%。,https://wallstreetcn.com/livenews/3137235,0.0,Lexicon-Neutral,0.0,Model-Unavailable,-0.1333,Claude-DeepSeek,STYLE_FACTOR,"微盘,微盘股"
2026-07-21 10:34:57,"Tue, 21 Jul 2026 02:09:15 GMT",华尔街见闻-要闻,伊朗打击美军在科威特基地的“海马斯”系统,https://wallstreetcn.com/livenews/3137231,0.0,Lexicon-Neutral,0.0,Model-Unavailable,0.0,Claude-DeepSeek,CTA_TREND,"伊朗,袭击"
2026-07-21 10:34:57,"Tue, 21 Jul 2026 02:08:49 GMT",华尔街见闻-要闻,我国国家综合立体交通网里程超过600万公里,https://wallstreetcn.com/livenews/3137230,1.0,FinNLP-Lexicon-ZH,0.0,Model-Unavailable,0.0333,Claude-DeepSeek,,
2026-07-21 10:34:57,"Tue, 21 Jul 2026 02:04:56 GMT",华尔街见闻-要闻,"台湾证交所加权股价指数上涨3%至43,725.76点。",https://wallstreetcn.com/livenews/3137223,1.0,FinNLP-Lexicon-ZH,0.0,Model-Unavailable,0.2,Claude-DeepSeek,,
2026-07-21 10:34:57,"Tue, 21 Jul 2026 02:04:23 GMT",华尔街见闻-要闻,高盛：中东局势再度升级的风险意味着其对2026年第四季度布伦特、WTI原油每桶80、75美元的预测存在上行风险。 若霍尔木兹海峡持续受阻，布伦特原油价格在2026年第...,https://wallstreetcn.com/livenews/3137222,0.0,Lexicon-Neutral,0.0,Model-Unavailable,-0.3333,Claude-DeepSeek,CTA_TREND,中东
2026-07-21 10:34:57,"Tue, 21 Jul 2026 02:02:27 GMT",华尔街见闻-要闻,A股三大指数均跌超1%，油气、医药医疗、电力、光纤等方向跌幅居前，沪深京三市下跌个股超4500只。,https://wallstreetcn.com/livenews/3137220,0.0,Lexicon-Neutral,0.0,Model-Unavailable,-0.1667,Claude-DeepSeek,,
2026-07-21 10:34:57,"Tue, 21 Jul 2026 01:59:24 GMT",华尔街见闻-要闻,伊朗革命卫队：两艘油轮在霍尔木兹海峡爆炸起火,https://wallstreetcn.com/livenews/3137215,0.0,Lexicon-Neutral,0.0,Model-Unavailable,0.0,Claude-DeepSeek,CTA_TREND,"油轮,石油,伊朗"
2026-07-21 10:34:57,"Tue, 21 Jul 2026 01:58:29 GMT",华尔街见闻-要闻,韩国总统李在明呼吁针对杠杆型ETF采取大胆且必要的措施。,https://wallstreetcn.com/livenews/3137213,0.0,Lexicon-Neutral,0.0,Model-Unavailable,0.0,Claude-DeepSeek,,
2026-07-21 10:34:57,"Tue, 21 Jul 2026 01:55:57 GMT",华尔街见闻-要闻,小米上调手机出货目标至1.1亿部，增幅约16%,https://wallstreetcn.com/livenews/3137211,1.0,FinNLP-Lexicon-ZH,0.0,Model-Unavailable,0.2,Claude-DeepSeek,,
2026-07-21 10:34:57,"Tue, 21 Jul 2026 01:53:46 GMT",华尔街见闻-要闻,A股三大指数集体翻绿，油气、医药医疗、电力、光纤等方向跌幅居前，沪深京三市下跌个股超4000只。,https://wallstreetcn.com/livenews/3137210,0.0,Lexicon-Neutral,0.0,Model-Unavailable,-0.1667,Claude-DeepSeek,,
2026-07-21 10:34:57,"Tue, 21 Jul 2026 01:51:25 GMT",华尔街见闻-要闻,韩国首尔综指反弹，外资买入、散户则在卖出,https://wallstreetcn.com/livenews/3137204,1.0,FinNLP-Lexicon-ZH,0.0,Model-Unavailable,0.1167,Claude-DeepSeek,,
2026-07-21 10:34:57,"Tue, 21 Jul 2026 01:45:55 GMT",华尔街见闻-要闻,富时中国A50指数期货涨超1%。,https://wallstreetcn.com/livenews/3137200,0.0,Lexicon-Neutral,0.0,Model-Unavailable,0.0,Claude-DeepSeek,CTA_TREND,期货
2026-07-21 10:34:57,"Tue, 21 Jul 2026 01:45:23 GMT",华尔街见闻-要闻,A股创新药概念股震荡调整、美诺华、灵康药业、亚泰集团、塞力医疗跌停，万邦医药跌超10%，普蕊斯、泓博医药、南华生物、联环药业跌幅居前。,https://wallstreetcn.com/livenews/3137199,0.0,Lexicon-Neutral,0.0,Model-Unavailable,-0.1667,Claude-DeepSeek,,
2026-07-21 10:34:57,"Tue, 21 Jul 2026 01:44:48 GMT",华尔街见闻-要闻,脑虎科技“三全”脑机接口系统进入国家药监局创新医疗器械特别审查程序,https://wallstreetcn.com/livenews/3137197,0.0,Lexicon-Neutral,0.0,Model-Unavailable,0.0,Claude-DeepSeek,,
2026-07-21 10:34:57,"Tue, 21 Jul 2026 09:00:00 GMT",华尔街见闻-日历,欧元区7月ZEW经济景气指数,,0.0,Lexicon-Neutral,0.0,Model-Unavailable,0.0,Claude-DeepSeek,,
2026-07-21 10:34:57,"Tue, 21 Jul 2026 09:00:00 GMT",华尔街见闻-日历,德国7月ZEW经济现况指数,https://wallstreetcn.com/data-analyse/DE152230/DE30.OTC,0.0,Lexicon-Neutral,0.0,Model-Unavailable,0.0,Claude-DeepSeek,,
2026-07-21 10:34:57,"Tue, 21 Jul 2026 09:00:00 GMT",华尔街见闻-日历,德国7月ZEW经济景气指数,https://wallstreetcn.com/data-analyse/DE152229/DE30.OTC,0.0,Lexicon-Neutral,0.0,Model-Unavailable,0.0,Claude-DeepSeek,,
2026-07-21 10:34:57,"Tue, 21 Jul 2026 08:00:00 GMT",华尔街见闻-日历,德国欧洲央行公布银行贷款调查报告。,,0.0,Lexicon-Neutral,0.0,Model-Unavailable,0.0,Claude-DeepSeek,BETA_TIMING,央行
2026-07-21 10:34:57,"Tue, 21 Jul 2026 06:00:00 GMT",华尔街见闻-日历,英国6月失业金申请人数变动(万人),https://wallstreetcn.com/data-analyse/UK121576/UK100.OTC,0.0,Lexicon-Neutral,0.0,Model-Unavailable,0.0,Claude-DeepSeek,,
2026-07-21 10:34:57,"Tue, 21 Jul 2026 06:00:00 GMT",华尔街见闻-日历,英国6月失业率,https://wallstreetcn.com/data-analyse/UK121563/UK100.OTC,0.0,Lexicon-Neutral,0.0,Model-Unavailable,0.0,Claude-DeepSeek,,
2026-07-21 10:34:57,"Tue, 21 Jul 2026 06:00:00 GMT",华尔街见闻-日历,英国5月三个月ILO就业人数变动(万人),https://wallstreetcn.com/data-analyse/UK121574/UK100.OTC,0.0,Lexicon-Neutral,0.0,Model-Unavailable,0.0,Claude-DeepSeek,,
2026-07-21 10:34:57,"Tue, 21 Jul 2026 06:00:00 GMT",华尔街见闻-日历,英国5月三个月ILO失业率,https://wallstreetcn.com/data-analyse/UK121573/UK100.OTC,0.0,Lexicon-Neutral,0.0,Model-Unavailable,0.0,Claude-DeepSeek,,
2026-07-21 10:34:57,"Tue, 21 Jul 2026 06:00:00 GMT",华尔街见闻-日历,英国5月三个月不包括红利的平均工资同比,https://wallstreetcn.com/data-analyse/UK121578/UK100.OTC,0.0,Lexicon-Neutral,0.0,Model-Unavailable,0.0,Claude-DeepSeek,STYLE_FACTOR,红利
2026-07-21 10:34:57,"Tue, 21 Jul 2026 06:00:00 GMT",华尔街见闻-日历,英国5月三个月包括红利的平均工资同比,https://wallstreetcn.com/data-analyse/UK121577/UK100.OTC,0.0,Lexicon-Neutral,0.0,Model-Unavailable,0.0,Claude-DeepSeek,STYLE_FACTOR,红利
2026-07-21 10:34:57,"Tue, 21 Jul 2026 06:00:00 GMT",华尔街见闻-日历,英国6月公共部门净借款(亿英镑),https://wallstreetcn.com/data-analyse/UK181665/UK100.OTC,0.0,Lexicon-Neutral,0.0,Model-Unavailable,0.0,Claude-DeepSeek,,
2026-07-21 10:34:57,"Tue, 21 Jul 2026 06:00:00 GMT",华尔街见闻-日历,英国6月政府收支短差(亿英镑),https://wallstreetcn.com/data-analyse/UK181664/UK100.OTC,0.0,Lexicon-Neutral,0.0,Model-Unavailable,0.0,Claude-DeepSeek,,
2026-07-21 10:34:57,"Tue, 21 Jul 2026 04:02:00 GMT",华尔街见闻-日历,英国LME持仓报告,,0.0,Lexicon-Neutral,0.0,Model-Unavailable,0.0,Claude-DeepSeek,,
2026-07-21 10:34:57,"Tue, 21 Jul 2026 04:02:00 GMT",华尔街见闻-日历,巴西巴西商贸部农产品、工业品出口报告,,0.0,Lexicon-Neutral,0.0,Model-Unavailable,0.0,Claude-DeepSeek,,
2026-07-21 10:34:57,"Tue, 21 Jul 2026 04:02:00 GMT",华尔街见闻-日历,巴西Conab巴西大豆、玉米报告,,0.0,Lexicon-Neutral,0.0,Model-Unavailable,0.0,Claude-DeepSeek,,
2026-07-21 10:34:57,"Tue, 21 Jul 2026 04:02:00 GMT",华尔街见闻-日历,中国国新办7月21日将举行“开局起步‘十五五’”系列主题新闻发布会,,0.0,Lexicon-Neutral,0.0,Model-Unavailable,0.0,Claude-DeepSeek,,
2026-07-21 10:34:57,"Tue, 21 Jul 2026 04:02:00 GMT",华尔街见闻-日历,中国2026中国汽车论坛于7月21日至23日举行,,0.0,Lexicon-Neutral,0.0,Model-Unavailable,0.0,Claude-DeepSeek,,
2026-07-21 10:34:57,"Tue, 21 Jul 2026 02:00:00 GMT",华尔街见闻-日历,中国国新办就加快建设交通强国、完善现代化综合交通运输体系有关情况举行发布会。,,0.0,Lexicon-Neutral,0.0,Model-Unavailable,0.0,Claude-DeepSeek,,
2026-07-21 10:34:57,"Tue, 21 Jul 2026 00:00:00 GMT",华尔街见闻-日历,韩国7月出口20天同比,,0.0,Lexicon-Neutral,0.0,Model-Unavailable,0.0,Claude-DeepSeek,,
2026-07-21 10:34:57,"Tue, 21 Jul 2026 00:00:00 GMT",华尔街见闻-日历,韩国7月进口20天同比,,0.0,Lexicon-Neutral,0.0,Model-Unavailable,0.0,Claude-DeepSeek,,
